0.0,-0.05,-0.175,0.0,0.0,0,6.707907118652656e-09,-0.01584787853062153,0.12509794533252716,0.0,1.5707963705062866,-1.5563548803329468,1,0.03564383089542389,0.22984321415424347,0.04507260397076607,1.6957514503701532e-08,1.6867818253274436e-09,1.9934802055358887,0.03564383250586359,0.2298432213718949,1.9934802396868085,0.07554630089902468,0.18160473931001775,0.09014536675776723,0.29874122993468744
0.0,-0.0475,-0.175,0.0,0.0,0,8.54118198390097e-09,-0.043058499693870544,0.07973550260066986,0.0,1.5707963705062866,-1.5564717054367065,1,0.03564383089542389,0.22984321415424347,0.04507260397076607,1.770719038063362e-08,1.689769213442105e-09,1.9934802055358887,0.03564383250586359,0.2298432213718949,1.9934802396868085,0.07554630089902468,0.18160473931001775,0.09014536675776723,0.29874122993468744
0.0,-0.045000000000000005,-0.175,0.0,0.0,0,1.413838823793867e-08,-0.052288591861724854,0.06119658797979355,0.0,1.5707963705062866,-1.5565180778503418,1,0.03564383089542389,0.22984321415424347,0.04507260397076607,1.8839806159576256e-08,1.1769651919735225e-09,1.9934802055358887,0.03564383250586359,0.2298432213718949,1.9934802396868085,0.07554630089902468,0.18160473931001775,0.09014536675776723,0.29874122993468744
0.0,-0.0425,-0.175,0.0,0.0,0,7.831062021068647e-09,-0.04945312440395355,0.0626700222492218,0.0,1.5707963705062866,-1.556501865386963,1,0.03564383089542389,0.22984321415424347,0.04507260397076607,1.926072457081318e-08,9.401786016383085e-10,1.9934802055358887,0.03564383250586359,0.2298432213718949,1.9934802396868085,0.07554630089902468,0.18160473931001775,0.09014536675776723,0.29874122993468744
0.0,-0.04,-0.175,0.0,0.0,0,1.24700179071624e-08,-0.04278960078954697,0.06853029876947403,0.0,1.5707963705062866,-1.556490182876587,1,0.03564383089542389,0.22984321415424347,0.04507260397076607,2.0179390602947933e-08,1.0551781670642413e-09,1.9934802055358887,0.03564383250586359,0.2298432213718949,1.9934802396868085,0.07554630089902468,0.18160473931001775,0.09014536675776723,0.29874122993468744
0.0,-0.037500000000000006,-0.175,0.0,0.0,0,1.9670274298277945e-08,-0.0375787727534771,0.07153775542974472,0.0,1.5707963705062866,-1.55648672580719,1,0.03564383089542389,0.22984321415424347,0.04507260397076607,1.5040454215409227e-08,-1.962239259967191e-09,1.9934802055358887,0.03564383250586359,0.2298432213718949,1.9934802396868085,0.07554630089902468,0.18160473931001775,0.09014536675776723,0.29874122993468744
0.0,-0.035,-0.175,0.0,0.0,0,2.1173583775180305e-08,-0.03459962457418442,0.07170314341783524,0.0,1.5707963705062866,-1.5564943552017212,1,0.03564383089542389,0.22984321415424347,0.04507260397076607,1.547316941241661e-08,1.2973604412991335e-09,1.9934802055358887,0.03564383250586359,0.2298432213718949,1.9934802396868085,0.07554630089902468,0.18160473931001775,0.09014536675776723,0.29874122993468744
0.0,-0.0325,-0.175,0.0,0.0,0,2.4370869766698888e-08,-0.03264116495847702,0.07098734378814697,0.0,1.5707963705062866,-1.5565017461776733,1,0.03564383089542389,0.22984321415424347,0.04507260397076607,1.7042601996308804e-08,1.5223471372394215e-09,1.9934802055358887,0.03564383250586359,0.2298432213718949,1.9934802396868085,0.07554630089902468,0.18160473931001775,0.09014536675776723,0.29874122993468744
0.0,-0.030000000000000002,-0.175,0.0,0.0,0,1.205272859294837e-08,-0.03065282478928566,0.07052697241306305,0.0,1.5707963705062866,-1.5565094947814941,1,0.03564383089542389,0.22984321415424347,0.04507260397076607,1.8018010194964518e-08,1.673718941219704e-09,1.9934802055358887,0.03564383250586359,0.2298432213718949,1.9934802396868085,0.07554630089902468,0.18160473931001775,0.09014536675776723,0.29874122993468744
0.0,-0.027500000000000004,-0.175,0.0,0.0,0,7.2814252405351e-09,-0.0283211562782526,0.07045260071754456,0.0,1.5707963705062866,-1.5565173625946045,1,0.03564383089542389,0.22984321415424347,0.04507260397076607,1.8709251037307695e-08,1.4755867638882592e-09,1.9934802055358887,0.03564383250586359,0.2298432213718949,1.9934802396868085,0.07554630089902468,0.18160473931001775,0.09014536675776723,0.29874122993468744
0.0,-0.025,-0.175,0.0,0.0,0,1.2162026052919828e-08,-0.025770338252186775,0.0705336183309555,0.0,1.5707963705062866,-1.556527018547058,1,0.03564383089542389,0.22984321415424347,0.04507260397076607,1.9724808453247533e-08,2.031434576110769e-09,1.9934802055358887,0.03564383250586359,0.2298432213718949,1.9934802396868085,0.07554630089902468,0.18160473931001775,0.09014536675776723,0.29874122993468744
0.0,-0.022500000000000003,-0.175,0.0,0.0,0,2.363102424851604e-08,-0.023183666169643402,0.07060086727142334,0.0,1.5707963705062866,-1.556534767150879,1,0.03564383089542389,0.22984321415424347,0.04507260397076607,1.3336163284805025e-08,-1.1352923046104024e-09,1.9934802055358887,0.03564383250586359,0.2298432213718949,1.9934802396868085,0.07554630089902468,0.18160473931001775,0.09014536675776723,0.29874122993468744
0.0,-0.020000000000000004,-0.175,0.0,0.0,0,1.4856286867370727e-08,-0.02064366452395916,0.0706179141998291,0.0,1.5707963705062866,-1.556533932685852,1,0.03564383089542389,0.22984321415424347,0.04507260397076607,1.4928986047380022e-08,-9.24283760639355e-10,1.9934802055358887,0.03564383250586359,0.2298432213718949,1.9934802396868085,0.07554630089902468,0.18160473931001775,0.09014536675776723,0.29874122993468744
0.0,-0.0175,-0.175,0.0,0.0,0,2.3161586426567737e-08,-0.016580624505877495,0.07060448080301285,0.0,1.5707963705062866,-1.5565557479858398,1,0.03564383089542389,0.22984321415424347,0.04507260397076607,1.607465272002173e-08,-1.3619341210358016e-09,1.9934802055358887,0.03564383250586359,0.2298432213718949,1.9934802396868085,0.07554630089902468,0.18160473931001775,0.09014536675776723,0.29874122993468744
0.0,-0.015,-0.175,0.0,0.0,0,1.3018038202972093e-08,-0.01409283746033907,0.07059814035892487,0.0,1.5707963705062866,-1.5565646886825562,1,0.03564383089542389,0.22984321415424347,0.04507260397076607,1.7443838373765175e-08,-8.398903794670787e-10,1.9934802055358887,0.03564383250586359,0.2298432213718949,1.9934802396868085,0.07554630089902468,0.18160473931001775,0.09014536675776723,0.29874122993468744
0.0,-0.012500000000000004,-0.175,0.0,0.0,0,1.3691732192455675e-08,-0.011599084362387657,0.0705973207950592,0.0,1.5707963705062866,-1.5565648078918457,1,0.03564383089542389,0.22984321415424347,0.04507260397076607,1.7733508883566174e-08,2.494844775213778e-09,1.9934802055358887,0.03564383250586359,0.2298432213718949,1.9934802396868085,0.07554630089902468,0.18160473931001775,0.09014536675776723,0.29874122993468744
0.0,-0.010000000000000002,-0.175,0.0,0.0,0,1.5291851340748508e-08,-0.009098121896386147,0.07059850543737411,0.0,1.570451021194458,-1.5565648078918457,1,0.03564383089542389,0.22984321415424347,0.04507260397076607,1.8804479751111103e-08,2.88908896806106e-09,1.9934802055358887,0.03564383250586359,0.2298432213718949,1.9934802396868085,0.07554630089902468,0.18160473931001775,0.09014536675776723,0.29874122993468744
0.0,-0.0075,-0.175,0.0,0.0,0,1.6778081146640034e-08,-0.006595239508897066,0.07059931755065918,0.0,1.5707963705062866,-1.5565681457519531,1,0.03564383089542389,0.22984321415424347,0.04507260397076607,1.3638708828977997e-08,3.3828628787091475e-10,1.9934802055358887,0.03564383250586359,0.2298432213718949,1.9934802396868085,0.07554630089902468,0.18160473931001775,0.09014536675776723,0.29874122993468744
0.0,-0.0050000000000000044,-0.175,0.0,0.0,0,9.718570836980689e-09,-0.004093963652849197,0.0705995038151741,0.0,1.5707963705062866,-1.5565690994262695,1,0.03564383089542389,0.22984321415424347,0.04507260397076607,1.5391432128808447e-08,4.4112313801747405e-10,1.9934802055358887,0.03564383250586359,0.2298432213718949,1.9934802396868085,0.07554630089902468,0.18160473931001775,0.09014536675776723,0.29874122993468744
0.0,-0.0025000000000000022,-0.175,0.0,0.0,0,1.3939931875484035e-08,-0.0015937285497784615,0.07059945166110992,0.0,1.5707963705062866,-1.556572437286377,1,0.03564383089542389,0.22984321415424347,0.04507260397076607,1.689935302806589e-08,8.615517188559352e-10,1.9934802055358887,0.03564383250586359,0.2298432213718949,1.9934802396868085,0.07554630089902468,0.18160473931001775,0.09014536675776723,0.29874122993468744
0.0,0.0,-0.175,0.0,0.0,0,1.3319336744643806e-08,0.0009050540393218398,0.07059935480356216,0.0,1.5707963705062866,-1.556571125984192,1,0.03564383089542389,0.22984321415424347,0.04507260397076607,1.827411644228505e-08,1.2753433864531871e-09,1.9934802055358887,0.03564383250586359,0.2298432213718949,1.9934802396868085,0.07554630089902468,0.18160473931001775,0.09014536675776723,0.29874122993468744
0.0,0.0024999999999999953,-0.175,0.0,0.0,0,1.0693847585230287e-08,0.0034049092791974545,0.0705992728471756,0.0,1.5707963705062866,-1.556569218635559,1,0.03564383089542389,0.22984321415424347,0.04507260397076607,1.9168190590335143e-08,1.2840999374930107e-09,1.9934802055358887,0.03564383250586359,0.2298432213718949,1.9934802396868085,0.07554630089902468,0.18160473931001775,0.09014536675776723,0.29874122993468744
0.0,0.0049999999999999975,-0.175,0.0,0.0,0,4.8957691234363665e-09,0.0059060752391815186,0.07059920579195023,0.0,1.5707963705062866,-1.5565698146820068,1,0.03564383089542389,0.22984321415424347,0.04507260397076607,2.0099292896702536e-08,1.0319238796796526e-09,1.9934802055358887,0.03564383250586359,0.2298432213718949,1.9934802396868085,0.07554630089902468,0.18160473931001775,0.09014536675776723,0.29874122993468744
0.0,0.0075,-0.175,0.0,0.0,0,1.964840201651441e-08,0.008405927568674088,0.07059919834136963,0.0,1.5707963705062866,-1.556567907333374,1,0.03564383089542389,0.22984321415424347,0.04507260397076607,2.087433514930126e-08,6.327161017338767e-10,1.9934802055358887,0.03564383250586359,0.2298432213718949,1.9934802396868085,0.07554630089902468,0.18160473931001775,0.09014536675776723,0.29874122993468744
0.0,0.009999999999999995,-0.175,0.0,0.0,0,1.0932408756048062e-08,0.010906415060162544,0.0705992579460144,0.0,1.5707963705062866,-1.5565690994262695,1,0.03564383089542389,0.22984321415424347,0.04507260397076607,1.4287800276235885e-08,-2.4386159758194026e-09,1.9934802055358887,0.03564383250586359,0.2298432213718949,1.9934802396868085,0.07554630089902468,0.18160473931001775,0.09014536675776723,0.29874122993468744
0.0,0.012499999999999997,-0.175,0.0,0.0,0,1.2532316517877007e-08,0.013406902551651001,0.07059933245182037,0.0,1.5707963705062866,-1.5565727949142456,1,0.03564383089542389,0.22984321415424347,0.04507260397076607,1.4744751197781625e-08,7.347407127156202e-10,1.9934802055358887,0.03564383250586359,0.2298432213718949,1.9934802396868085,0.07554630089902468,0.18160473931001775,0.09014536675776723,0.29874122993468744
0.0,0.015,-0.175,0.0,0.0,0,1.8876797014399926e-08,0.01590673066675663,0.07059934735298157,0.0,1.5707963705062866,-1.5565749406814575,1,0.03564383089542389,0.22984321415424347,0.04507260397076607,1.4888660970768797e-08,2.416857824982799e-10,1.9934802055358887,0.03564383250586359,0.2298432213718949,1.9934802396868085,0.07554630089902468,0.18160473931001775,0.09014536675776723,0.29874122993468744
0.0,0.0175,-0.175,0.0,0.0,0,1.4348081833759352e-08,0.018406659364700317,0.07059931755065918,0.0,1.5707963705062866,-1.5565739870071411,1,0.03564383089542389,0.22984321415424347,0.04507260397076607,1.6822593096321725e-08,6.920055639625389e-10,1.9934802055358887,0.03564383250586359,0.2298432213718949,1.9934802396868085,0.07554630089902468,0.18160473931001775,0.09014536675776723,0.29874122993468744
0.0,0.020000000000000004,-0.175,0.0,0.0,0,1.650498582250748e-08,0.020905762910842896,0.07059929519891739,0.0,1.5707963705062866,-1.5565685033798218,1,0.03564383089542389,0.22984321415424347,0.04507260397076607,1.7628543957926013e-08,5.032525507431274e-10,1.9934802055358887,0.03564383250586359,0.2298432213718949,1.9934802396868085,0.07554630089902468,0.18160473931001775,0.09014536675776723,0.29874122993468744
0.0,0.022499999999999992,-0.175,0.0,0.0,0,1.10581162005019e-08,0.02340627647936344,0.0705992802977562,0.0,1.5707963705062866,-1.55656099319458,1,0.03564383089542389,0.22984321415424347,0.04507260397076607,1.9071178414264978e-08,5.236202582636906e-10,1.9934802055358887,0.03564383250586359,0.2298432213718949,1.9934802396868085,0.07554630089902468,0.18160473931001775,0.09014536675776723,0.29874122993468744
0.0,0.024999999999999994,-0.175,0.0,0.0,0,6.973531085918694e-09,0.025907764211297035,0.07059929519891739,0.0,1.5707963705062866,-1.5565581321716309,1,0.03564383089542389,0.22984321415424347,0.04507260397076607,2.042170876848104e-08,3.8487879550075377e-10,1.9934802055358887,0.03564383250586359,0.2298432213718949,1.9934802396868085,0.07554630089902468,0.18160473931001775,0.09014536675776723,0.29874122993468744
0.0,0.027499999999999997,-0.175,0.0,0.0,0,-5.652109003051464e-09,0.02840844728052616,0.07059928774833679,0.0,1.5707963705062866,-1.5565557479858398,1,0.03564383089542389,0.22984321415424347,0.04507260397076607,1.9378855853346977e-08,3.0788873672804584e-09,1.9934802055358887,0.03564383250586359,0.2298432213718949,1.9934802396868085,0.07554630089902468,0.18160473931001775,0.09014536675776723,0.29874122993468744
0.0,0.03,-0.175,0.0,0.0,0,-1.7758649661914205e-08,0.030908429995179176,0.07059931010007858,0.0,1.5707963705062866,-1.5565505027770996,1,0.03564383089542389,0.22984321415424347,0.04507260397076607,1.3075552196539775e-08,3.6191760699466613e-10,1.9934802055358887,0.03564383250586359,0.2298432213718949,1.9934802396868085,0.07554630089902468,0.18160473931001775,0.09014536675776723,0.29874122993468744
0.0,0.0325,-0.175,0.0,0.0,0,-1.3444250157590432e-08,0.03340950980782509,0.07059928774833679,0.0,1.5707963705062866,-1.5565465688705444,1,0.03564383089542389,0.22984321415424347,0.04507260397076607,1.3676835664000464e-08,1.4205303600078878e-10,1.9934802055358887,0.03564383250586359,0.2298432213718949,1.9934802396868085,0.07554630089902468,0.18160473931001775,0.09014536675776723,0.29874122993468744
0.0,0.035,-0.175,0.0,0.0,0,-2.07222115022887e-08,0.035909056663513184,0.07059921324253082,0.0,1.5707963705062866,-1.556538701057434,1,0.03564383089542389,0.22984321415424347,0.04507260397076607,1.4704816031496648e-08,3.211253485346788e-10,1.9934802055358887,0.03564383250586359,0.2298432213718949,1.9934802396868085,0.07554630089902468,0.18160473931001775,0.09014536675776723,0.29874122993468744
0.0,0.037500000000000006,-0.175,0.0,0.0,0,-2.078787630921397e-08,0.038409385830163956,0.07059940695762634,0.0,1.5707963705062866,-1.5565296411514282,1,0.03564383089542389,0.22984321415424347,0.04507260397076607,1.617689804334077e-08,2.1626034296673424e-10,1.9934802055358887,0.03564383250586359,0.2298432213718949,1.9934802396868085,0.07554630089902468,0.18160473931001775,0.09014536675776723,0.29874122993468744
0.0,0.039999999999999994,-0.175,0.0,0.0,0,-1.843165620130094e-08,0.04091054946184158,0.07059942185878754,0.0,1.5707963705062866,-1.556520938873291,1,0.03564383089542389,0.22984321415424347,0.04507260397076607,1.6908009214944286e-08,5.167724026478027e-10,1.9934802055358887,0.03564383250586359,0.2298432213718949,1.9934802396868085,0.07554630089902468,0.18160473931001775,0.09014536675776723,0.29874122993468744
0.0,0.042499999999999996,-0.175,0.0,0.0,0,-1.645053870902302e-08,0.04341210424900055,0.07059942185878754,0.0,1.5707963705062866,-1.556514859199524,1,0.03564383089542389,0.22984321415424347,0.04507260397076607,1.7734361534849086e-08,4.2650594167525924e-10,1.9934802055358887,0.03564383250586359,0.2298432213718949,1.9934802396868085,0.07554630089902468,0.18160473931001775,0.09014536675776723,0.29874122993468744
0.0,0.045,-0.175,0.0,0.0,0,1.6795443258388332e-08,0.04591159150004387,0.07059933245182037,0.0,1.570451021194458,-1.5565065145492554,1,0.03564383089542389,0.22984321415424347,0.04507260397076607,1.8037543014770563e-08,-4.2166270475263445e-11,1.9934802055358887,0.03564383250586359,0.2298432213718949,1.9934802396868085,0.07554630089902468,0.18160473931001775,0.09014536675776723,0.29874122993468744
0.0,0.0475,-0.175,0.0,0.0,0,2.1740039102269293e-08,0.048411667346954346,0.07059945166110992,0.0,1.5707963705062866,-1.5564982891082764,1,0.03564383089542389,0.22984321415424347,0.04507260397076607,1.844768071634917e-08,2.550923916544434e-09,1.9934802055358887,0.03564383250586359,0.2298432213718949,1.9934802396868085,0.07554630089902468,0.18160473931001775,0.09014536675776723,0.29874122993468744
0.0,0.05,-0.175,0.0,0.0,0,1.864650300831272e-08,0.05091272294521332,0.0705995261669159,0.0,1.5707963705062866,-1.5564905405044556,1,0.03564383089542389,0.22984321415424347,0.04507260397076607,1.9724218702776852e-08,2.708449464705609e-09,1.9934802055358887,0.03564383250586359,0.2298432213718949,1.9934802396868085,0.07554630089902468,0.18160473931001775,0.09014536675776723,0.29874122993468744
0.0,0.052500000000000005,-0.175,0.0,0.0,0,2.3010485961094673e-08,0.0534135140478611,0.0705995038151741,0.0,1.5707963705062866,-1.556481122970581,1,0.03564383089542389,0.22984321415424347,0.04507260397076607,1.3079631600021457e-08,-7.975837768015026e-10,1.9934802055358887,0.03564383250586359,0.2298432213718949,1.9934802396868085,0.07554630089902468,0.18160473931001775,0.09014536675776723,0.29874122993468744
0.0,0.05499999999999999,-0.175,0.0,0.0,0,1.4767223888156877e-08,0.05591476336121559,0.0705995038151741,0.0,1.5707963705062866,-1.556475043296814,1,0.03564383089542389,0.22984321415424347,0.04507260397076607,1.4429007322291909e-08,-4.2982195580520965e-10,1.9934802055358887,0.03564383250586359,0.2298432213718949,1.9934802396868085,0.07554630089902468,0.18160473931001775,0.09014536675776723,0.29874122993468744
0.0,0.057499999999999996,-0.175,0.0,0.0,0,1.1031596969246493e-08,0.058414701372385025,0.07059940695762634,0.0,1.5707963705062866,-1.556467056274414,1,0.03564383089542389,0.22984321415424347,0.04507260397076607,1.5960972987727473e-08,-3.492837130636417e-10,1.9934802055358887,0.03564383250586359,0.2298432213718949,1.9934802396868085,0.07554630089902468,0.18160473931001775,0.09014536675776723,0.29874122993468744
0.0,0.06,-0.175,0.0,0.0,0,1.4844268036995345e-08,0.060915444046258926,0.07059944421052933,0.0,1.5707963705062866,-1.5564591884613037,1,0.03564383089542389,0.22984321415424347,0.04507260397076607,1.6419306803072686e-08,-4.3201930921554776e-10,1.9934802055358887,0.03564383250586359,0.2298432213718949,1.9934802396868085,0.07554630089902468,0.18160473931001775,0.09014536675776723,0.29874122993468744
0.0,0.0625,-0.175,0.0,0.0,0,2.0777342513156327e-08,0.06341563910245895,0.07059954851865768,0.0,1.5707963705062866,-1.5564512014389038,1,0.03564383089542389,0.22984321415424347,0.04507260397076607,1.740671429217855e-08,-2.886997307882666e-10,1.9934802055358887,0.03564383250586359,0.2298432213718949,1.9934802396868085,0.07554630089902468,0.18160473931001775,0.09014536675776723,0.29874122993468744
0.0,0.065,-0.175,0.0,0.0,0,1.709278762973554e-08,0.06591638922691345,0.07059967517852783,0.0,1.5707963705062866,-1.5564439296722412,1,0.03564383089542389,0.22984321415424347,0.04507260397076607,1.8908927756910998e-08,-4.3173287167519447e-10,1.9934802055358887,0.03564383250586359,0.2298432213718949,1.9934802396868085,0.07554630089902468,0.18160473931001775,0.09014536675776723,0.29874122993468744
0.0,0.0675,-0.175,0.0,0.0,0,9.492865160609654e-09,0.06841637194156647,0.0705995261669159,0.0,1.5707963705062866,-1.5564323663711548,1,0.03564383089542389,0.22984321415424347,0.04507260397076607,1.8770208498608554e-08,2.5110100665415303e-09,1.9934802055358887,0.03564383250586359,0.2298432213718949,1.9934802396868085,0.07554630089902468,0.18160473931001775,0.09014536675776723,0.29874122993468744
0.0,0.06999999999999999,-0.175,0.0,0.0,0,1.7879081326555024e-08,0.0709165632724762,0.0705995187163353,0.0,1.5707963705062866,-1.5564159154891968,1,0.03564383089542389,0.22984321415424347,0.04507260397076607,1.9126328965057837e-08,1.884506772853456e-09,1.9934802055358887,0.03564383250586359,0.2298432213718949,1.9934802396868085,0.07554630089902468,0.18160473931001775,0.09014536675776723,0.29874122993468744
0.0,0.0725,-0.175,0.0,0.0,0,1.835171303810057e-08,0.0734185054898262,0.07059946656227112,0.0,1.5707963705062866,-1.5564042329788208,1,0.03564383089542389,0.22984321415424347,0.04507260397076607,1.9955411545424795e-08,2.0121415644780427e-09,1.9934802055358887,0.03564383250586359,0.2298432213718949,1.9934802396868085,0.07554630089902468,0.18160473931001775,0.09014536675776723,0.29874122993468744
0.0,0.075,-0.175,0.0,0.0,0,7.48552331231167e-09,0.07592006772756577,0.0705994963645935,0.0,1.5707963705062866,-1.5563933849334717,1,0.03564383089542389,0.22984321415424347,0.04507260397076607,1.3933979303715205e-08,-9.122955724194526e-10,1.9934802055358887,0.03564383250586359,0.2298432213718949,1.9934802396868085,0.07554630089902468,0.18160473931001775,0.09014536675776723,0.29874122993468744
0.0,0.0775,-0.175,0.0,0.0,0,5.08792297182481e-09,0.07842065393924713,0.07059967517852783,0.0,1.5703080892562866,-1.5563808679580688,1,0.03564383089542389,0.22984321415424347,0.04507260397076607,1.4647724810856744e-08,-9.347083107513754e-10,1.9934802055358887,0.03564383250586359,0.2298432213718949,1.9934802396868085,0.07554630089902468,0.18160473931001775,0.09014536675776723,0.29874122993468744
0.0,0.08,-0.175,0.0,0.0,0,1.2740830612756326e-08,0.08092045038938522,0.07059982419013977,0.0,1.5707963705062866,-1.5563708543777466,1,0.03564383089542389,0.22984321415424347,0.04507260397076607,1.5911119533029705e-08,-5.934071012347886e-10,1.9934802055358887,0.03564383250586359,0.2298432213718949,1.9934802396868085,0.07554630089902468,0.18160473931001775,0.09014536675776723,0.29874122993468744
0.0,0.0825,-0.175,0.0,0.0,0,9.436789127903467e-09,0.08342085033655167,0.07059977948665619,0.0,1.5707963705062866,-1.5563569068908691,1,0.03564383089542389,0.22984321415424347,0.04507260397076607,1.7173773514400636e-08,-7.329439277725669e-10,1.9934802055358887,0.03564383250586359,0.2298432213718949,1.9934802396868085,0.07554630089902468,0.18160473931001775,0.09014536675776723,0.29874122993468744
0.0,0.085,-0.175,0.0,0.0,0,2.0526833566236746e-08,0.08592242747545242,0.07059980928897858,0.0,1.5707963705062866,-1.5563457012176514,1,0.03564383089542389,0.22984321415424347,0.04507260397076607,1.654449732768626e-08,1.6706396266386037e-09,1.9934802055358887,0.03564383250586359,0.2298432213718949,1.9934802396868085,0.07554630089902468,0.18160473931001775,0.09014536675776723,0.29874122993468744
0.0,0.08750000000000001,-0.175,0.0,0.0,0,5.212084985828369e-09,0.0884232297539711,0.07059966772794724,0.0,1.5707963705062866,-1.5563266277313232,1,0.03564383089542389,0.22984321415424347,0.04507260397076607,1.7465662693894046e-08,1.697398666067329e-09,1.9934802055358887,0.03564383250586359,0.2298432213718949,1.9934802396868085,0.07554630089902468,0.18160473931001775,0.09014536675776723,0.29874122993468744
0.0,0.09000000000000001,-0.175,0.0,0.0,0,1.739803678901808e-08,0.09092409908771515,0.07059957087039948,0.0,1.5707963705062866,-1.5563124418258667,1,0.03564383089542389,0.22984321415424347,0.04507260397076607,1.9165220521699666e-08,1.4133823000861412e-09,1.9934802055358887,0.03564383250586359,0.2298432213718949,1.9934802396868085,0.07554630089902468,0.18160473931001775,0.09014536675776723,0.29874122993468744
0.0,0.09250000000000001,-0.175,0.0,0.0,0,1.454282916313332e-08,0.09342531114816666,0.07059966027736664,0.0,1.5707963705062866,-1.55630362033844,1,0.03564383089542389,0.22984321415424347,0.04507260397076607,1.9937678175097062e-08,1.7884715930449602e-09,1.9934802055358887,0.03564383250586359,0.2298432213718949,1.9934802396868085,0.07554630089902468,0.18160473931001775,0.09014536675776723,0.29874122993468744
0.0,0.09499999999999999,-0.175,0.0,0.0,0,2.042855307138325e-08,0.09592466801404953,0.0705997496843338,0.0,1.5707963705062866,-1.556284785270691,1,0.03564383089542389,0.22984321415424347,0.04507260397076607,1.456785625464363e-08,-5.502491795539299e-10,1.9934802055358887,0.03564383250586359,0.2298432213718949,1.9934802396868085,0.07554630089902468,0.18160473931001775,0.09014536675776723,0.29874122993468744
0.0,0.09749999999999999,-0.175,0.0,0.0,0,1.5305685607813757e-08,0.09842720627784729,0.07059986889362335,0.0,1.570451021194458,-1.5562797784805298,1,0.03564383089542389,0.22984321415424347,0.04507260397076607,1.4736837528062097e-08,-1.055161291674267e-09,1.9934802055358887,0.03564383250586359,0.2298432213718949,1.9934802396868085,0.07554630089902468,0.18160473931001775,0.09014536675776723,0.29874122993468744
0.0,0.09999999999999999,-0.175,0.0,0.0,0,2.135553955895375e-08,0.10092630982398987,0.07059985399246216,0.0,1.5707963705062866,-1.5562599897384644,1,0.03564383089542389,0.22984321415424347,0.04507260397076607,1.5808321762733613e-08,-8.133138607036017e-10,1.9934802055358887,0.03564383250586359,0.2298432213718949,1.9934802396868085,0.07554630089902468,0.18160473931001775,0.09014536675776723,0.29874122993468744
0.0,0.1025,-0.175,0.0,0.0,0,9.308372739269544e-09,0.1034281924366951,0.07059979438781738,0.0,1.5707963705062866,-1.5562430620193481,1,0.03564383089542389,0.22984321415424347,0.04507260397076607,1.663764059856021e-08,-9.608429607510516e-10,1.9934802055358887,0.03564383250586359,0.2298432213718949,1.9934802396868085,0.07554630089902468,0.18160473931001775,0.09014536675776723,0.29874122993468744
0.0,0.105,-0.175,0.0,0.0,0,1.9540449258670378e-08,0.10593002289533615,0.07059992104768753,0.0,1.5707963705062866,-1.556226134300232,1,0.03564383089542389,0.22984321415424347,0.04507260397076607,1.548113637284132e-08,1.6413621573008186e-09,1.9934802055358887,0.03564383250586359,0.2298432213718949,1.9934802396868085,0.07554630089902468,0.18160473931001775,0.09014536675776723,0.29874122993468744
0.0,0.1075,-0.175,0.0,0.0,0,1.3935185450009158e-08,0.1084309071302414,0.07059991359710693,0.0,1.5703080892562866,-1.556204080581665,1,0.03564383089542389,0.22984321415424347,0.04507260397076607,1.7021903886416112e-08,1.9092545322507704e-09,1.9934802055358887,0.03564383250586359,0.2298432213718949,1.9934802396868085,0.07554630089902468,0.18160473931001775,0.09014536675776723,0.29874122993468744
0.0,0.11,-0.175,0.0,0.0,0,1.4533336312183565e-08,0.1109313890337944,0.07060013711452484,0.0,1.5707963705062866,-1.5561782121658325,1,0.03564383089542389,0.22984321415424347,0.04507260397076607,1.7663015938751414e-08,1.819390860191561e-09,1.9934802055358887,0.03564383250586359,0.2298432213718949,1.9934802396868085,0.07554630089902468,0.18160473931001775,0.09014536675776723,0.29874122993468744
0.0,0.1125,-0.175,0.0,0.0,0,1.257013160227416e-08,0.11343525350093842,0.07060009241104126,0.0,1.5707963705062866,-1.5561769008636475,1,0.03564383089542389,0.22984321415424347,0.04507260397076607,1.968761864645785e-08,2.3825110773145752e-09,1.9934802055358887,0.03564383250586359,0.2298432213718949,1.9934802396868085,0.07554630089902468,0.18160473931001775,0.09014536675776723,0.29874122993468744
0.0,0.115,-0.175,0.0,0.0,0,-3.6063116937157247e-09,0.11593413352966309,0.07059997320175171,0.0,1.5707963705062866,-1.5561493635177612,1,0.03564383089542389,0.22984321415424347,0.04507260397076607,1.4197128805903958e-08,-5.576197281698114e-10,1.9934802055358887,0.03564383250586359,0.2298432213718949,1.9934802396868085,0.07554630089902468,0.18160473931001775,0.09014536675776723,0.29874122993468744
0.0,0.11750000000000001,-0.175,0.0,0.0,0,6.872674873648066e-09,0.11843597888946533,0.07060018181800842,0.0,1.5707963705062866,-1.5561306476593018,1,0.03564383089542389,0.22984321415424347,0.04507260397076607,1.549615546991845e-08,-4.604872039237762e-10,1.9934802055358887,0.03564383250586359,0.2298432213718949,1.9934802396868085,0.07554630089902468,0.18160473931001775,0.09014536675776723,0.29874122993468744
0.0,0.12000000000000001,-0.175,0.0,0.0,0,2.7373143751674434e-08,0.12093714624643326,0.07060025632381439,0.0,1.5707963705062866,-1.5561150312423706,1,0.03564383089542389,0.22984321415424347,0.04507260397076607,1.5951524545698703e-08,-8.614482460700401e-10,1.9934802055358887,0.03564383250586359,0.2298432213718949,1.9934802396868085,0.07554630089902468,0.18160473931001775,0.09014536675776723,0.29874122993468744
0.0,0.12250000000000001,-0.175,0.0,0.0,0,4.933982111765545e-09,0.12343737483024597,0.07060003280639648,0.0,1.5707963705062866,-1.556094765663147,1,0.03564383089542389,0.22984321415424347,0.04507260397076607,1.7618027925436763e-08,-1.0301981490101753e-10,1.9934802055358887,0.03564383250586359,0.2298432213718949,1.9934802396868085,0.07554630089902468,0.18160473931001775,0.09014536675776723,0.29874122993468744
0.0,0.125,-0.175,0.0,0.0,0,2.1824323681585156e-08,0.12593862414360046,0.07060030102729797,0.0,1.570451021194458,-1.5560885667800903,1,0.03564383089542389,0.22984321415424347,0.04507260397076607,1.863829623971469e-08,-2.793560938130213e-10,1.9934802055358887,0.03564383250586359,0.2298432213718949,1.9934802396868085,0.07554630089902468,0.18160473931001775,0.09014536675776723,0.29874122993468744
0.0,0.1275,-0.175,0.0,0.0,0,2.5005988391058054e-08,0.12843769788742065,0.07060027122497559,0.0,1.5707963705062866,-1.556069254875183,1,0.03564383089542389,0.22984321415424347,0.04507260397076607,1.8895814690722545e-08,3.0498528147404613e-09,1.9934802055358887,0.03564383250586359,0.2298432213718949,1.9934802396868085,0.07554630089902468,0.18160473931001775,0.09014536675776723,0.29874122993468744
0.0,0.13,-0.175,0.0,0.0,0,5.441108896775404e-09,0.13093966245651245,0.07060001790523529,0.0,1.5707963705062866,-1.556044340133667,1,0.03564383089542389,0.22984321415424347,0.04507260397076607,1.9548448193518198e-08,2.9208591101337333e-09,1.9934802055358887,0.03564383250586359,0.2298432213718949,1.9934802396868085,0.07554630089902468,0.18160473931001775,0.09014536675776723,0.29874122993468744
0.0,0.1325,-0.175,0.0,0.0,0,1.8894489528520353e-08,0.13344165682792664,0.07060015201568604,0.0,1.5707963705062866,-1.5560245513916016,1,0.03564383089542389,0.22984321415424347,0.04507260397076607,1.3755584227226336e-08,9.495959574223889e-11,1.9934802055358887,0.03564383250586359,0.2298432213718949,1.9934802396868085,0.07554630089902468,0.18160473931001775,0.09014536675776723,0.29874122993468744
0.0,0.135,-0.175,0.0,0.0,0,1.4411030591077179e-08,0.13594341278076172,0.07060002535581589,0.0,1.570451021194458,-1.5560047626495361,1,0.03564383089542389,0.22984321415424347,0.04507260397076607,1.4339790688211451e-08,-4.914415541179551e-10,1.9934802055358887,0.03564383250586359,0.2298432213718949,1.9934802396868085,0.07554630089902468,0.18160473931001775,0.09014536675776723,0.29874122993468744
0.0,0.1375,-0.175,0.0,0.0,0,2.4201137094337355e-08,0.13844263553619385,0.07060018181800842,0.0,1.5707963705062866,-1.555981159210205,1,0.03564383089542389,0.22984321415424347,0.04507260397076607,1.3759730244089496e-08,-1.4085594912671695e-09,1.9934802055358887,0.03564383250586359,0.2298432213718949,1.9934802396868085,0.07554630089902468,0.18160473931001775,0.09014536675776723,0.29874122993468744
0.0,0.14,-0.175,0.0,0.0,0,9.795407152068947e-09,0.1409454196691513,0.07060030102729797,0.0,1.5707963705062866,-1.5559523105621338,1,0.03564383089542389,0.22984321415424347,0.04507260397076607,1.4937626247046865e-08,-1.3760468320356267e-09,1.9934802055358887,0.03564383250586359,0.2298432213718949,1.9934802396868085,0.07554630089902468,0.18160473931001775,0.09014536675776723,0.29874122993468744
0.0,0.14250000000000002,-0.175,0.0,0.0,0,1.0475808664978103e-08,0.1434476524591446,0.07060030847787857,0.0,1.570451021194458,-1.5559293031692505,1,0.03564383089542389,0.22984321415424347,0.04507260397076607,1.5897100524853158e-08,-1.4240586487801465e-09,1.9934802055358887,0.03564383250586359,0.2298432213718949,1.9934802396868085,0.07554630089902468,0.18160473931001775,0.09014536675776723,0.29874122993468744
0.0,0.14500000000000002,-0.175,0.0,0.0,0,1.724120757273795e-08,0.14594902098178864,0.07060063630342484,0.0,1.5707963705062866,-1.5559017658233643,1,0.03564383089542389,0.22984321415424347,0.04507260397076607,1.7783673200710837e-08,-8.151301855718884e-10,1.9934802055358887,0.03564383250586359,0.2298432213718949,1.9934802396868085,0.07554630089902468,0.18160473931001775,0.09014536675776723,0.29874122993468744
0.0,0.14750000000000002,-0.175,0.0,0.0,0,1.3233812268254042e-08,0.1484517604112625,0.07060077041387558,0.0,1.5707963705062866,-1.5558844804763794,1,0.03564383089542389,0.22984321415424347,0.04507260397076607,1.6582040629486983e-08,1.858557752143497e-09,1.9934802055358887,0.03564383250586359,0.2298432213718949,1.9934802396868085,0.07554630089902468,0.18160473931001775,0.09014536675776723,0.29874122993468744
0.0,0.15000000000000002,-0.175,0.0,0.0,0,4.32933866534313e-09,0.15095193684101105,0.07060102373361588,0.0,1.5707963705062866,-1.5558758974075317,1,0.03564383089542389,0.22984321415424347,0.04507260397076607,1.696744611479062e-08,1.3198397930125338e-09,1.9934802055358887,0.03564383250586359,0.2298432213718949,1.9934802396868085,0.07554630089902468,0.18160473931001775,0.09014536675776723,0.29874122993468744
0.0,0.15250000000000002,-0.175,0.0,0.0,0,1.6880578712630268e-08,0.15344944596290588,0.07060054689645767,0.0,1.5707963705062866,-1.5558514595031738,1,0.03564383089542389,0.22984321415424347,0.04507260397076607,1.7519603545679274e-08,9.402416623061072e-10,1.9934802055358887,0.03564383250586359,0.2298432213718949,1.9934802396868085,0.07554630089902468,0.18160473931001775,0.09014536675776723,0.29874122993468744
0.0,0.15500000000000003,-0.175,0.0,0.0,0,1.681798345032348e-08,0.15465480089187622,0.07060039788484573,0.0,1.570451021194458,-1.5558197498321533,1,0.03564383089542389,0.22984321415424347,0.04507260397076607,1.8181385286197838e-08,1.0722054355483124e-09,1.9934802055358887,0.03564383250586359,0.2298432213718949,1.9934802396868085,0.07554630089902468,0.18160473931001775,0.09014536675776723,0.29874122993468744
0.0,0.15750000000000003,-0.175,0.0,0.0,0,2.193671733152769e-08,0.15781141817569733,0.07060098648071289,0.0,1.5707963705062866,-1.5557893514633179,1,0.03564383089542389,0.22984321415424347,0.04507260397076607,1.8599928708340485e-08,9.658860378181089e-10,1.9934802055358887,0.03564383250586359,0.2298432213718949,1.9934802396868085,0.07554630089902468,0.18160473931001775,0.09014536675776723,0.29874122993468744
0.0,0.15999999999999998,-0.175,0.0,0.0,0,2.0791411259324377e-08,0.16099384427070618,0.07060150802135468,0.0,1.5707963705062866,-1.5557646751403809,1,0.03564383089542389,0.22984321415424347,0.04507260397076607,1.9849338173116848e-08,1.3806138454697248e-09,1.9934802055358887,0.03564383250586359,0.2298432213718949,1.9934802396868085,0.07554630089902468,0.18160473931001775,0.09014536675776723,0.29874122993468744
0.0,0.16249999999999998,-0.175,0.0,0.0,0,1.57616177887121e-08,0.16368623077869415,0.07060086727142334,0.0,1.5707963705062866,-1.5557366609573364,1,0.03564383089542389,0.22984321415424347,0.04507260397076607,2.1149677564835656e-08,1.3062964043797365e-09,1.9934802055358887,0.03564383250586359,0.2298432213718949,1.9934802396868085,0.07554630089902468,0.18160473931001775,0.09014536675776723,0.29874122993468744
0.0,0.16499999999999998,-0.175,0.0,0.0,0,9.205491480202e-09,0.16610068082809448,0.07060058414936066,0.0,1.5707963705062866,-1.5557160377502441,1,0.03564383089542389,0.22984321415424347,0.04507260397076607,1.4718208873887306e-08,-2.0004078393753844e-09,1.9934802055358887,0.03564383250586359,0.2298432213718949,1.9934802396868085,0.07554630089902468,0.18160473931001775,0.09014536675776723,0.29874122993468744
0.0,0.16749999999999998,-0.175,0.0,0.0,0,2.6942041486677226e-08,0.16848087310791016,0.0706007331609726,0.0,1.5707963705062866,-1.5556820631027222,1,0.03564383089542389,0.22984321415424347,0.04507260397076607,1.4972666662060874e-08,1.2572050067660712e-09,1.9934802055358887,0.03564383250586359,0.2298432213718949,1.9934802396868085,0.07554630089902468,0.18160473931001775,0.09014536675776723,0.29874122993468744
0.0,0.16999999999999998,-0.175,0.0,0.0,0,4.998655711574429e-09,0.16963420808315277,0.07060129940509796,0.0,1.5707963705062866,-1.5556515455245972,1,0.03564383089542389,0.22984321415424347,0.04507260397076607,1.6077370545986014e-08,1.3507266416468156e-09,1.9934802055358887,0.03564383250586359,0.2298432213718949,1.9934802396868085,0.07554630089902468,0.18160473931001775,0.09014536675776723,0.29874122993468744
0.0,0.1725,-0.175,0.0,0.0,0,2.093516471290968e-09,0.17149940133094788,0.07060125470161438,0.0,1.5707963705062866,-1.555641770362854,1,0.03564383089542389,0.22984321415424347,0.04507260397076607,1.737599930606848e-08,1.817744177401437e-09,1.9934802055358887,0.03564383250586359,0.2298432213718949,1.9934802396868085,0.07554630089902468,0.18160473931001775,0.09014536675776723,0.29874122993468744
0.0,0.175,-0.175,0.0,0.0,0,1.4437761208796474e-08,0.1740548461675644,0.07060082256793976,0.0,1.5707963705062866,-1.5556113719940186,1,0.03564383089542389,0.22984321415424347,0.04507260397076607,1.8909862120608523e-08,2.097248597010548e-09,1.9934802055358887,0.03564383250586359,0.2298432213718949,1.9934802396868085,0.07554630089902468,0.18160473931001775,0.09014536675776723,0.29874122993468744
0.0,0.1775,-0.175,0.0,0.0,0,2.049471525822355e-08,0.1767958253622055,0.07060066610574722,0.0,1.5707963705062866,-1.5555812120437622,1,0.03564383089542389,0.22984321415424347,0.04507260397076607,2.0029833791568308e-08,1.9088979286152608e-09,1.9934802055358887,0.03564383250586359,0.2298432213718949,1.9934802396868085,0.07554630089902468,0.18160473931001775,0.09014536675776723,0.29874122993468744
0.0,0.18,-0.175,0.0,0.0,0,3.025025563374584e-08,0.1807369887828827,0.07060148566961288,0.0,1.5707963705062866,-1.5555648803710938,1,0.03564383089542389,0.22984321415424347,0.04507260397076607,1.4993682739827818e-08,-8.27369728284566e-10,1.9934802055358887,0.03564383250586359,0.2298432213718949,1.9934802396868085,0.07554630089902468,0.18160473931001775,0.09014536675776723,0.29874122993468744
0.0,0.1825,-0.175,0.0,0.0,0,1.1448392456259171e-08,0.1826009303331375,0.07060132920742035,0.0,1.5707963705062866,-1.5555189847946167,1,0.03564383089542389,0.22984321415424347,0.04507260397076607,1.545054217899633e-08,-1.200406440915458e-09,1.9934802055358887,0.03564383250586359,0.2298432213718949,1.9934802396868085,0.07554630089902468,0.18160473931001775,0.09014536675776723,0.29874122993468744
0.0,0.185,-0.175,0.0,0.0,0,1.4020558936067573e-08,0.18439173698425293,0.07060123234987259,0.0,1.5707963705062866,-1.55548095703125,1,0.03564383089542389,0.22984321415424347,0.04507260397076607,1.625971535190729e-08,-1.4958265737163856e-09,1.9934802055358887,0.03564383250586359,0.2298432213718949,1.9934802396868085,0.07554630089902468,0.18160473931001775,0.09014536675776723,0.29874122993468744
0.0,0.1875,-0.175,0.0,0.0,0,5.8195848140485396e-09,0.18667583167552948,0.07060099393129349,0.0,1.5707963705062866,-1.5554609298706055,1,0.03564383089542389,0.22984321415424347,0.04507260397076607,1.5346241610814104e-08,1.6036927341644969e-09,1.9934802055358887,0.03564383250586359,0.2298432213718949,1.9934802396868085,0.07554630089902468,0.18160473931001775,0.09014536675776723,0.29874122993468744
0.0,0.19,-0.175,0.0,0.0,0,0.0005119755514897406,0.18788333237171173,0.07059505581855774,0.0,1.5699505805969238,-1.555423617362976,1,0.03564057499170303,0.23018062114715576,0.04507236182689667,-9.505607522442006e-06,-4.175501999270637e-06,1.9945887327194214,0.03564383250586359,0.2298432213718949,1.9934802396868085,0.07554630089902468,0.18160473931001775,0.09014536675776723,0.29874122993468744
0.0,0.1925,-0.175,0.0,0.0,0,0.0009065989288501441,0.18826904892921448,0.07054656744003296,0.0,1.569704532623291,-1.5553876161575317,1,0.03564002364873886,0.2303735315799713,0.04507242515683174,-7.068150807754137e-06,-2.554768798290752e-06,1.9949150085449219,0.03564383250586359,0.2298432213718949,1.9934802396868085,0.07554630089902468,0.18160473931001775,0.09014536675776723,0.29874122993468744
0.0,0.195,-0.175,0.0,0.0,0,0.0013172440230846405,0.18871115148067474,0.07049336284399033,0.0,1.5698198080062866,-1.5553404092788696,1,0.03564009070396423,0.23062682151794434,0.045072413980960846,-1.1355219612596557e-05,-3.850156645057723e-06,1.994916319847107,0.03564383250586359,0.2298432213718949,1.9934802396868085,0.07554630089902468,0.18160473931001775,0.09014536675776723,0.29874122993468744
0.0,0.1975,-0.175,0.0,0.0,0,0.0016666228184476495,0.18925297260284424,0.07043540477752686,0.0,1.5698198080062866,-1.5553051233291626,1,0.03563842922449112,0.23099634051322937,0.0450725331902504,-4.254754912835779e-06,-2.0477732505241875e-06,1.9956413507461548,0.03564383250586359,0.2298432213718949,1.9934802396868085,0.07554630089902468,0.18160473931001775,0.09014536675776723,0.29874122993468744
0.0,0.2,-0.175,0.0,0.0,0,0.0019563687965273857,0.18996237218379974,0.07037866860628128,0.0,1.5696003437042236,-1.555300235748291,1,0.03563466668128967,0.23154661059379578,0.04507248476147652,-3.2309097264260345e-07,-1.4016137583894306e-07,1.9970650672912598,0.03564383250586359,0.2298432213718949,1.9934802396868085,0.07554630089902468,0.18160473931001775,0.09014536675776723,0.29874122993468744
0.0,0.2025,-0.175,0.0,0.0,0,0.0022274262737482786,0.19093962013721466,0.0703437477350235,0.0,1.5696003437042236,-1.5552653074264526,1,0.03561718016862869,0.23230178654193878,0.04507249593734741,-9.274907597500714e-07,-1.0818126838785247e-08,2.0025763511657715,0.03564383250586359,0.2298432213718949,1.9934802396868085,0.07554630089902468,0.18160473931001775,0.09014536675776723,0.29874122993468744
0.0,0.20500000000000002,-0.175,0.0,0.0,0,0.0025314136873930693,0.19271449744701385,0.07033705711364746,0.0,1.5695044994354248,-1.555235743522644,1,0.03558013215661049,0.23373618721961975,0.04507254809141159,-2.3074080957030674e-07,-5.650643686294643e-08,2.0136842727661133,0.03564383250586359,0.2298432213718949,1.9934802396868085,0.07554630089902468,0.18160473931001775,0.09014536675776723,0.29874122993468744
0.0,0.20750000000000002,-0.175,0.0,0.0,0,0.0026661702431738377,0.19359833002090454,0.07033371180295944,0.0,1.5695044994354248,-1.5552079677581787,1,0.03556128591299057,0.23445601761341095,0.04507254436612129,9.000117415780551e-07,4.801907493856561e-08,2.0192501544952393,0.03564383250586359,0.2298432213718949,1.9934802396868085,0.07554630089902468,0.18160473931001775,0.09014536675776723,0.29874122993468744
0.0,0.21000000000000002,-0.175,0.0,0.0,0,0.0032922460231930017,0.1978071928024292,0.07033034414052963,0.0,1.5693727731704712,-1.5551866292953491,1,0.035470783710479736,0.23787137866020203,0.04507254436612129,-5.8208229347656015e-09,-1.921880681265975e-07,2.0456326007843018,0.03564383250586359,0.2298432213718949,1.9934802396868085,0.07554630089902468,0.18160473931001775,0.09014536675776723,0.29874122993468744
0.0,0.21250000000000002,-0.175,0.0,0.0,0,0.003684096271172166,0.20054379105567932,0.07032673060894012,0.0,1.5693727731704712,-1.5551626682281494,1,0.03541054576635361,0.24008500576019287,0.04507254436612129,1.323740548286878e-07,-5.716552777812467e-07,2.0627288818359375,0.03564383250586359,0.2298432213718949,1.9934802396868085,0.07554630089902468,0.18160473931001775,0.09014536675776723,0.29874122993468744
0.0,0.21500000000000002,-0.175,0.0,0.0,0,0.004045168869197369,0.20313452184200287,0.0703243613243103,0.0,1.5693315267562866,-1.555134892463684,1,0.03535241261124611,0.24217525124549866,0.0450725294649601,2.2213679073956882e-07,-6.477980605268385e-07,2.0788583755493164,0.03564383250586359,0.2298432213718949,1.9934802396868085,0.07554630089902468,0.18160473931001775,0.09014536675776723,0.29874122993468744
0.0,0.21750000000000003,-0.175,0.0,0.0,0,0.004366602282971144,0.2055494785308838,0.07032185047864914,0.0,1.5693315267562866,-1.5551121234893799,1,0.03529144078493118,0.24411845207214355,0.0450725331902504,-3.6300212968853884e-07,-2.912279342126567e-07,2.0938706398010254,0.03564383250586359,0.2298432213718949,1.9934802396868085,0.07554630089902468,0.18160473931001775,0.09014536675776723,0.29874122993468744
0.0,0.22000000000000003,-0.175,0.0,0.0,0,0.004668767563998699,0.20796337723731995,0.07032008469104767,0.0,1.5693315267562866,-1.5550870895385742,1,0.035217419266700745,0.24605460464954376,0.045072540640830994,1.6113403944473248e-09,-3.7687644294237543e-07,2.108891487121582,0.03564383250586359,0.2298432213718949,1.9934802396868085,0.07554630089902468,0.18160473931001775,0.09014536675776723,0.29874122993468744
0.0,0.22250000000000003,-0.175,0.0,0.0,0,0.004961041733622551,0.2104499787092209,0.0703175887465477,0.0,1.5693315267562866,-1.5550620555877686,1,0.03513013571500778,0.24804317951202393,0.0450725257396698,4.925875600747531e-07,-7.584103514091112e-07,2.1243677139282227,0.03564383250586359,0.2298432213718949,1.9934802396868085,0.07554630089902468,0.18160473931001775,0.09014536675776723,0.29874122993468744
0.0,0.22500000000000003,-0.175,0.0,0.0,0,0.0051427879370749,0.21282924711704254,0.0703192949295044,0.0,1.5693315267562866,-1.5550353527069092,1,0.035120636224746704,0.25007519125938416,0.04507250338792801,4.982435257261386e-06,5.6755743571557105e-06,2.137434482574463,0.03564383250586359,0.2298432213718949,1.9934802396868085,0.07554630089902468,0.18160473931001775,0.09014536675776723,0.29874122993468744
0.0,0.22750000000000004,-0.175,0.0,0.0,0,0.0051329126581549644,0.2141018509864807,0.07032106816768646,0.0,1.5692522525787354,-1.5550144910812378,1,0.03515966981649399,0.25135722756385803,0.045072514563798904,-3.050234681722941e-06,-2.0317136204539565e-06,2.1387429237365723,0.03564383250586359,0.2298432213718949,1.9934802396868085,0.07554630089902468,0.18160473931001775,0.09014536675776723,0.29874122993468744
0.0,0.23000000000000004,-0.175,0.0,0.0,0,0.005131946410983801,0.21593284606933594,0.07032070308923721,0.0,1.5693315267562866,-1.5550090074539185,1,0.0351591482758522,0.25318896770477295,0.04507241025567055,-1.342587324870692e-06,-3.561548965080874e-06,2.138765573501587,0.03564383250586359,0.2298432213718949,1.9934802396868085,0.07554630089902468,0.18160473931001775,0.09014536675776723,0.29874122993468744
0.0,0.23250000000000004,-0.175,0.0,0.0,0,0.005134504288434982,0.21842701733112335,0.07032022625207901,0.0,1.5693315267562866,-1.5549672842025757,1,0.03516227379441261,0.255685418844223,0.04507261887192726,-5.082868028694065e-06,-7.0474116000696085e-06,2.1387674808502197,0.03564383250586359,0.2298432213718949,1.9934802396868085,0.07554630089902468,0.18160473931001775,0.09014536675776723,0.29874122993468744
0.0,0.23500000000000004,-0.175,0.0,0.0,0,0.005140210967510939,0.22121334075927734,0.07031969726085663,0.0,1.5691769123077393,-1.5549348592758179,1,0.03516846150159836,0.25847333669662476,0.04507264867424965,-5.9432095440570265e-06,-8.049107236729469e-06,2.1387698650360107,0.03564383250586359,0.2298432213718949,1.9934802396868085,0.07554630089902468,0.18160473931001775,0.09014536675776723,0.29874122993468744
0.0,0.23750000000000004,-0.175,0.0,0.0,0,0.0051477449014782906,0.22396229207515717,0.07031916081905365,0.0,1.569214105606079,-1.554903268814087,1,0.03517632186412811,0.2612236738204956,0.04507263004779816,-5.634666194964666e-06,-8.475932190776803e-06,2.1387691497802734,0.03564383250586359,0.2298432213718949,1.9934802396868085,0.07554630089902468,0.18160473931001775,0.09014536675776723,0.29874122993468744
0.0,0.24,-0.175,0.0,0.0,0,0.005157108884304762,0.2265550196170807,0.07031860202550888,0.0,1.5691769123077393,-1.5548677444458008,1,0.035185806453228,0.26381823420524597,0.04507264122366905,-5.991809302940965e-06,-9.039249562192708e-06,2.1387839317321777,0.03564383250586359,0.2298432213718949,1.9934802396868085,0.07554630089902468,0.18160473931001775,0.09014536675776723,0.29874122993468744
0.0,0.2425,-0.175,0.0,0.0,0,0.005168106872588396,0.2290293574333191,0.07031825184822083,0.0,1.5692522525787354,-1.5548486709594727,1,0.03519739583134651,0.2662935256958008,0.04507264494895935,-7.153414117055945e-06,-9.501179192739073e-06,2.138789415359497,0.03564383250586359,0.2298432213718949,1.9934802396868085,0.07554630089902468,0.18160473931001775,0.09014536675776723,0.29874122993468744
0.0,0.245,-0.175,0.0,0.0,0,0.005183054134249687,0.2314612716436386,0.0703175812959671,0.0,1.5693315267562866,-1.5548155307769775,1,0.0352126844227314,0.2687269449234009,0.04507262259721756,-5.625777248496888e-06,-7.81451217335416e-06,2.138789653778076,0.03564383250586359,0.2298432213718949,1.9934802396868085,0.07554630089902468,0.18160473931001775,0.09014536675776723,0.29874122993468744
0.0,0.2475,-0.175,0.0,0.0,0,0.005199888721108437,0.2339114397764206,0.07031714916229248,0.0,1.569214105606079,-1.5547946691513062,1,0.03522998094558716,0.2711781859397888,0.04507264494895935,-7.205539532151306e-06,-9.568889254296664e-06,2.1387906074523926,0.03564383250586359,0.2298432213718949,1.9934802396868085,0.07554630089902468,0.18160473931001775,0.09014536675776723,0.29874122993468744
0.0,0.25,-0.175,0.0,0.0,0,0.005220865830779076,0.23639395833015442,0.07031656801700592,0.0,1.5692522525787354,-1.5547558069229126,1,0.03525123372673988,0.27366259694099426,0.04507264494895935,-6.193107765284367e-06,-9.332781701232307e-06,2.138803243637085,0.03564383250586359,0.2298432213718949,1.9934802396868085,0.07554630089902468,0.18160473931001775,0.09014536675776723,0.29874122993468744
0.0,0.2525,-0.175,0.0,0.0,0,0.005245870444923639,0.23889820277690887,0.07031607627868652,0.0,1.569291353225708,-1.5547308921813965,1,0.035276561975479126,0.2761682868003845,0.045072637498378754,-7.581950285384664e-06,-1.0772175301099196e-05,2.138815402984619,0.03564383250586359,0.2298432213718949,1.9934802396868085,0.07554630089902468,0.18160473931001775,0.09014536675776723,0.29874122993468744
0.0,0.255,-0.175,0.0,0.0,0,0.005275881849229336,0.24140416085720062,0.07031536102294922,0.0,1.5692522525787354,-1.5546979904174805,1,0.035307396203279495,0.2786758840084076,0.04507265239953995,-6.917537120898487e-06,-1.002317094389582e-05,2.1388320922851562,0.03564383250586359,0.2298432213718949,1.9934802396868085,0.07554630089902468,0.18160473931001775,0.09014536675776723,0.29874122993468744
0.0,0.2575,-0.175,0.0,0.0,0,0.005309832748025656,0.2439042627811432,0.07031475007534027,0.0,1.5691769123077393,-1.5546655654907227,1,0.03534187003970146,0.28117749094963074,0.04507262259721756,-7.441261914209463e-06,-1.0105016372108366e-05,2.13883376121521,0.03564383250586359,0.2298432213718949,1.9934802396868085,0.07554630089902468,0.18160473931001775,0.09014536675776723,0.29874122993468744
0.0,0.26,-0.175,0.0,0.0,0,0.005346477963030338,0.24639691412448883,0.07031413167715073,0.0,1.5692522525787354,-1.554642677307129,1,0.03537892550230026,0.28367140889167786,0.045072633773088455,-7.937884220154956e-06,-1.0509909770917147e-05,2.138843536376953,0.03564383250586359,0.2298432213718949,1.9934802396868085,0.07554630089902468,0.18160473931001775,0.09014536675776723,0.29874122993468744
0.0,0.2625,-0.175,0.0,0.0,0,0.0053901029750704765,0.24888508021831512,0.07031328231096268,0.0,1.569291353225708,-1.5545930862426758,1,0.03542293980717659,0.28616219758987427,0.04507264494895935,-7.628060302522499e-06,-1.0908041076618247e-05,2.1388518810272217,0.03564383250586359,0.2298432213718949,1.9934802396868085,0.07554630089902468,0.18160473931001775,0.09014536675776723,0.29874122993468744
0.0,0.265,-0.175,0.0,0.0,0,0.005440600216388702,0.25137269496917725,0.0703127309679985,0.0,1.5691769123077393,-1.5545674562454224,1,0.035473909229040146,0.288650780916214,0.04507262632250786,-7.832905794202816e-06,-1.1163534509250894e-05,2.1388556957244873,0.03564383250586359,0.2298432213718949,1.9934802396868085,0.07554630089902468,0.18160473931001775,0.09014536675776723,0.29874122993468744
0.0,0.2675,-0.175,0.0,0.0,0,0.00549696758389473,0.25385770201683044,0.07031241059303284,0.0,1.5691769123077393,-1.5545463562011719,1,0.03553066402673721,0.2911369204521179,0.045072637498378754,-7.826976798241958e-06,-1.116867224482121e-05,2.1388649940490723,0.03564383250586359,0.2298432213718949,1.9934802396868085,0.07554630089902468,0.18160473931001775,0.09014536675776723,0.29874122993468744
0.0,0.27,-0.175,0.0,0.0,0,0.005557970143854618,0.2563413083553314,0.07031192630529404,0.0,1.5691769123077393,-1.5545158386230469,1,0.03559214621782303,0.29362213611602783,0.04507261887192726,-7.85969132266473e-06,-1.1023574188584462e-05,2.1388635635375977,0.03564383250586359,0.2298432213718949,1.9934802396868085,0.07554630089902468,0.18160473931001775,0.09014536675776723,0.29874122993468744
0.0,0.2725,-0.175,0.0,0.0,0,0.005624434445053339,0.2588281035423279,0.07031141966581345,0.0,1.5691769123077393,-1.5544847249984741,1,0.035658787935972214,0.29611051082611084,0.045072633773088455,-8.502393029630184e-06,-1.1165356227138545e-05,2.1388683319091797,0.03564383250586359,0.2298432213718949,1.9934802396868085,0.07554630089902468,0.18160473931001775,0.09014536675776723,0.29874122993468744
0.0,0.275,-0.175,0.0,0.0,0,0.005697392858564854,0.2613140940666199,0.07031075656414032,0.0,1.5692522525787354,-1.5544352531433105,1,0.03573206812143326,0.2985987365245819,0.04507264867424965,-8.355974387086462e-06,-1.2434835298336111e-05,2.1388800144195557,0.03564383250586359,0.2298432213718949,1.9934802396868085,0.07554630089902468,0.18160473931001775,0.09014536675776723,0.29874122993468744
0.0,0.2775,-0.175,0.0,0.0,0,0.005775694735348225,0.26380079984664917,0.07031033933162689,0.0,1.5693315267562866,-1.5544195175170898,1,0.03581102192401886,0.3010866343975067,0.045072611421346664,-9.27543624129612e-06,-1.1694285603880417e-05,2.138901948928833,0.03564383250586359,0.2298432213718949,1.9934802396868085,0.07554630089902468,0.18160473931001775,0.09014536675776723,0.29874122993468744
0.0,0.28,-0.175,0.0,0.0,0,0.005856803618371487,0.266288161277771,0.07030937820672989,0.0,1.5691769123077393,-1.5543780326843262,1,0.035892851650714874,0.30357587337493896,0.04507261514663696,-8.813963177090045e-06,-1.2066731869708747e-05,2.1389222145080566,0.03564383250586359,0.2298432213718949,1.9934802396868085,0.07554630089902468,0.18160473931001775,0.09014536675776723,0.29874122993468744
0.0,0.28250000000000003,-0.175,0.0,0.0,0,0.005945487879216671,0.2687746286392212,0.07030883431434631,0.0,1.5692522525787354,-1.5543437004089355,1,0.03598223626613617,0.30606406927108765,0.04507264122366905,-9.914207112160511e-06,-1.3732830666413065e-05,2.138932228088379,0.03564383250586359,0.2298432213718949,1.9934802396868085,0.07554630089902468,0.18160473931001775,0.09014536675776723,0.29874122993468744
0.0,0.28500000000000003,-0.175,0.0,0.0,0,0.006037590093910694,0.2712595462799072,0.07030823826789856,0.0,1.569214105606079,-1.5543125867843628,1,0.0360749289393425,0.3085505962371826,0.04507264867424965,-9.717759894556366e-06,-1.3829055205860641e-05,2.1389317512512207,0.03564383250586359,0.2298432213718949,1.9934802396868085,0.07554630089902468,0.18160473931001775,0.09014536675776723,0.29874122993468744
0.0,0.28750000000000003,-0.175,0.0,0.0,0,0.0061317328363657,0.2737502157688141,0.07030753791332245,0.0,1.5692522525787354,-1.5542714595794678,1,0.03616928309202194,0.31104323267936707,0.04507265239953995,-9.104605851462111e-06,-1.1976746463915333e-05,2.1389379501342773,0.03564383250586359,0.2298432213718949,1.9934802396868085,0.07554630089902468,0.18160473931001775,0.09014536675776723,0.29874122993468744
0.0,0.29000000000000004,-0.175,0.0,0.0,0,0.006226682104170322,0.2762456238269806,0.07030674815177917,0.0,1.5692522525787354,-1.5542230606079102,1,0.036264851689338684,0.3135409355163574,0.04507262632250786,-8.991066351882182e-06,-1.2354133104963694e-05,2.1389358043670654,0.03564383250586359,0.2298432213718949,1.9934802396868085,0.07554630089902468,0.18160473931001775,0.09014536675776723,0.29874122993468744
0.0,0.29250000000000004,-0.175,0.0,0.0,0,0.006326830480247736,0.27874159812927246,0.07030642032623291,0.0,1.5692522525787354,-1.5542114973068237,1,0.03636530041694641,0.31603771448135376,0.045072656124830246,-1.056902328855358e-05,-1.40048869070597e-05,2.13896107673645,0.03564383250586359,0.2298432213718949,1.9934802396868085,0.07554630089902468,0.18160473931001775,0.09014536675776723,0.29874122993468744
0.0,0.29500000000000004,-0.175,0.0,0.0,0,0.006431565620005131,0.28122690320014954,0.07030564546585083,0.0,1.5692522525787354,-1.5541636943817139,1,0.03647070378065109,0.3185253143310547,0.04507262259721756,-1.164697459898889e-05,-1.673951373959426e-05,2.138957977294922,0.03564383250586359,0.2298432213718949,1.9934802396868085,0.07554630089902468,0.18160473931001775,0.09014536675776723,0.29874122993468744
0.0,0.29750000000000004,-0.175,0.0,0.0,0,0.006539155729115009,0.2837114632129669,0.07030504941940308,0.0,1.5692522525787354,-1.5541350841522217,1,0.036579009145498276,0.32101136445999146,0.045072637498378754,-9.674384273239411e-06,-1.3490395758708473e-05,2.138970375061035,0.03564383250586359,0.2298432213718949,1.9934802396868085,0.07554630089902468,0.18160473931001775,0.09014536675776723,0.29874122993468744
0.0,0.30000000000000004,-0.175,0.0,0.0,0,0.00664998684078455,0.28619852662086487,0.07030419260263443,0.0,1.5691769123077393,-1.5540870428085327,1,0.03669019043445587,0.3235006332397461,0.04507264867424965,-1.0603119335428346e-05,-1.4911563084751833e-05,2.1389784812927246,0.03564383250586359,0.2298432213718949,1.9934802396868085,0.07554630089902468,0.18160473931001775,0.09014536675776723,0.29874122993468744
0.0,0.3025,-0.175,0.0,0.0,0,0.00676104286685586,0.28870663046836853,0.07029540091753006,0.0,1.5692522525787354,-1.55406653881073,1,0.0368281751871109,0.32597386837005615,0.04500604048371315,0.0014750398695468903,0.0009337303345091641,2.1390740871429443,0.03564383250586359,0.2298432213718949,1.9934802396868085,0.07554630089902468,0.18160473931001775,0.09014536675776723,0.29874122993468744
0.0,0.305,-0.175,0.0,0.0,0,0.006527934689074755,0.2913386821746826,0.07038624584674835,0.0,1.5690357685089111,-1.554025650024414,1,0.03659435361623764,0.32864493131637573,0.04507167264819145,2.023164415732026e-05,1.3436225344776176e-05,2.1393818855285645,0.03564383250586359,0.2298432213718949,1.9934802396868085,0.07554630089902468,0.18160473931001775,0.09014536675776723,0.29874122993468744
0.0,0.3075,-0.175,0.0,0.0,0,0.006310630589723587,0.29420894384384155,0.07039152830839157,0.0,1.5691404342651367,-1.553975224494934,1,0.03637535870075226,0.33151930570602417,0.04507245868444443,-4.492288644541986e-05,-6.562039197888225e-05,2.1393706798553467,0.03564383250586359,0.2298432213718949,1.9934802396868085,0.07554630089902468,0.18160473931001775,0.09014536675776723,0.29874122993468744
0.0,0.31,-0.175,0.0,0.0,0,0.006109509151428938,0.2969458997249603,0.07038883119821548,0.0,1.5690699815750122,-1.5539385080337524,1,0.036175526678562164,0.3342570960521698,0.045072562992572784,-4.748728770209709e-06,-8.914662430470344e-06,2.139389753341675,0.03564383250586359,0.2298432213718949,1.9934802396868085,0.07554630089902468,0.18160473931001775,0.09014536675776723,0.29874122993468744
0.0,0.3125,-0.175,0.0,0.0,0,0.005923082586377859,0.2995014786720276,0.07038810849189758,0.0,1.5691769123077393,-1.5538921356201172,1,0.03598957508802414,0.3368149697780609,0.045072611421346664,-7.382045623671729e-06,-9.44711882766569e-06,2.1393966674804688,0.03564383250586359,0.2298432213718949,1.9934802396868085,0.07554630089902468,0.18160473931001775,0.09014536675776723,0.29874122993468744
0.0,0.315,-0.175,0.0,0.0,0,0.0057496847584843636,0.30193936824798584,0.07038715481758118,0.0,1.5691049098968506,-1.5538409948349,1,0.03581668809056282,0.3392552435398102,0.04507261514663696,-4.8441702347190585e-06,-9.119930837186985e-06,2.1393978595733643,0.03564383250586359,0.2298432213718949,1.9934802396868085,0.07554630089902468,0.18160473931001775,0.09014536675776723,0.29874122993468744
0.0,0.3175,-0.175,0.0,0.0,0,0.005582453683018684,0.30435439944267273,0.0703863725066185,0.0,1.5690357685089111,-1.5537989139556885,1,0.035649653524160385,0.34167248010635376,0.04507260024547577,-6.061779458832461e-06,-7.871608431742061e-06,2.1394028663635254,0.03564383250586359,0.2298432213718949,1.9934802396868085,0.07554630089902468,0.18160473931001775,0.09014536675776723,0.29874122993468744
0.0,0.32,-0.175,0.0,0.0,0,0.005416825879365206,0.3067943751811981,0.07038506865501404,0.0,1.5690357685089111,-1.553726077079773,1,0.03548448532819748,0.3441159427165985,0.04507255181670189,-5.1944552978966385e-06,-6.9370094024634454e-06,2.1394078731536865,0.03564383250586359,0.2298432213718949,1.9934802396868085,0.07554630089902468,0.18160473931001775,0.09014536675776723,0.29874122993468744
0.0,0.3225,-0.175,0.0,0.0,0,0.005253203213214874,0.3092765212059021,0.07038454711437225,0.0,1.5691049098968506,-1.5536937713623047,1,0.035321179777383804,0.3465996980667114,0.04507255554199219,-2.8111312531109434e-06,-5.536603566724807e-06,2.139408826828003,0.03564383250586359,0.2298432213718949,1.9934802396868085,0.07554630089902468,0.18160473931001775,0.09014536675776723,0.29874122993468744
