0.0,-0.05,-0.175,0.0,0.0,0,-6.8709496190422215e-06,-0.050027601420879364,0.07059430330991745,0.0,1.5707963705062866,-1.5713475942611694,1,-0.02948920801281929,0.13822223246097565,0.0485440269112587,4.7402730629642065e-09,-5.019466620126423e-09,1.4877046346664429,-0.029489208208562347,0.13822223104183273,1.4877042733014245,0.17779957417382866,0.16043275123327444,0.09708821346446678,0.27694291387570097
0.0,-0.0475,-0.175,0.0,0.0,0,-6.8794647631875705e-06,-0.048698022961616516,0.07059429585933685,0.0,1.570451021194458,-1.5718830823898315,1,-0.02948920801281929,0.13822223246097565,0.0485440269112587,5.110172729416718e-09,-5.469903197052872e-09,1.4877046346664429,-0.029489208208562347,0.13822223104183273,1.4877042733014245,0.17779957417382866,0.16043275123327444,0.09708821346446678,0.27694291387570097
0.0,-0.045000000000000005,-0.175,0.0,0.0,0,-6.882919024064904e-06,-0.04571583867073059,0.07059440016746521,0.0,1.5707963705062866,-1.5723568201065063,1,-0.02948920801281929,0.13822223246097565,0.0485440269112587,5.297581484597913e-09,-5.1859427863121255e-09,1.4877046346664429,-0.029489208208562347,0.13822223104183273,1.4877042733014245,0.17779957417382866,0.16043275123327444,0.09708821346446678,0.27694291387570097
0.0,-0.0425,-0.175,0.0,0.0,0,-6.875179678900167e-06,-0.04386027902364731,0.07059448957443237,0.0,1.5707963705062866,-1.5723556280136108,1,-0.02948920801281929,0.13822223246097565,0.0485440269112587,5.172273276343731e-09,-5.83317927294047e-09,1.4877046346664429,-0.029489208208562347,0.13822223104183273,1.4877042733014245,0.17779957417382866,0.16043275123327444,0.09708821346446678,0.27694291387570097
0.0,-0.04,-0.175,0.0,0.0,0,-6.873746769997524e-06,-0.04169024899601936,0.07059440016746521,0.0,1.5707963705062866,-1.5728117227554321,1,-0.02948920801281929,0.13822223246097565,0.0485440269112587,5.782050394032012e-09,-5.659523516499121e-09,1.4877046346664429,-0.029489208208562347,0.13822223104183273,1.4877042733014245,0.17779957417382866,0.16043275123327444,0.09708821346446678,0.27694291387570097
0.0,-0.037500000000000006,-0.175,0.0,0.0,0,-6.875033250253182e-06,-0.03919246420264244,0.07059454172849655,0.0,1.5707963705062866,-1.5732358694076538,1,-0.02948920801281929,0.13822223246097565,0.0485440269112587,6.124220686132276e-09,-5.891795495926999e-09,1.4877046346664429,-0.029489208208562347,0.13822223104183273,1.4877042733014245,0.17779957417382866,0.16043275123327444,0.09708821346446678,0.27694291387570097
0.0,-0.035,-0.175,0.0,0.0,0,-6.863353519293014e-06,-0.03660082817077637,0.07059457898139954,0.0,1.5707963705062866,-1.5736271142959595,1,-0.02948920801281929,0.13822223246097565,0.0485440269112587,6.863996482309176e-09,-6.430751486874442e-09,1.4877046346664429,-0.029489208208562347,0.13822223104183273,1.4877042733014245,0.17779957417382866,0.16043275123327444,0.09708821346446678,0.27694291387570097
0.0,-0.0325,-0.175,0.0,0.0,0,-6.863017006253358e-06,-0.034048277884721756,0.07059463858604431,0.0,1.5707963705062866,-1.5740033388137817,1,-0.02948920801281929,0.13822223246097565,0.0485440269112587,7.258961431944044e-09,-6.760547233142233e-09,1.4877046346664429,-0.029489208208562347,0.13822223104183273,1.4877042733014245,0.17779957417382866,0.16043275123327444,0.09708821346446678,0.27694291387570097
0.0,-0.030000000000000002,-0.175,0.0,0.0,0,-6.8404929152166005e-06,-0.029980316758155823,0.07059464603662491,0.0,1.5707963705062866,-1.574691891670227,1,-0.02948920801281929,0.13822223246097565,0.0485440269112587,7.486097075570797e-09,-6.880632064110159e-09,1.4877046346664429,-0.029489208208562347,0.13822223104183273,1.4877042733014245,0.17779957417382866,0.16043275123327444,0.09708821346446678,0.27694291387570097
0.0,-0.027500000000000004,-0.175,0.0,0.0,0,-6.8556091719074175e-06,-0.029083458706736565,0.07059485465288162,0.0,1.5707963705062866,-1.574689269065857,1,-0.02948920801281929,0.13822223246097565,0.0485440269112587,7.535949642090145e-09,-6.715114686528523e-09,1.4877046346664429,-0.029489208208562347,0.13822223104183273,1.4877042733014245,0.17779957417382866,0.16043275123327444,0.09708821346446678,0.27694291387570097
0.0,-0.025,-0.175,0.0,0.0,0,-6.845347797934664e-06,-0.02503529004752636,0.07059477269649506,0.0,1.5707963705062866,-1.5752991437911987,1,-0.02948920801281929,0.13822223246097565,0.0485440269112587,4.865647884599866e-09,-7.094260290330112e-09,1.4877046346664429,-0.029489208208562347,0.13822223104183273,1.4877042733014245,0.17779957417382866,0.16043275123327444,0.09708821346446678,0.27694291387570097
0.0,-0.022500000000000003,-0.175,0.0,0.0,0,-6.847682016086765e-06,-0.02254868671298027,0.07059474289417267,0.0,1.5703080892562866,-1.5755774974822998,1,-0.02948920801281929,0.13822223246097565,0.0485440269112587,4.658187613415521e-09,-7.382198852212696e-09,1.4877046346664429,-0.029489208208562347,0.13822223104183273,1.4877042733014245,0.17779957417382866,0.16043275123327444,0.09708821346446678,0.27694291387570097
0.0,-0.020000000000000004,-0.175,0.0,0.0,0,-6.843872142781038e-06,-0.020058872178196907,0.07059476524591446,0.0,1.5707963705062866,-1.5758417844772339,1,-0.02948920801281929,0.13822223246097565,0.0485440269112587,5.533959956949275e-09,-7.850358585415051e-09,1.4877046346664429,-0.029489208208562347,0.13822223104183273,1.4877042733014245,0.17779957417382866,0.16043275123327444,0.09708821346446678,0.27694291387570097
0.0,-0.0175,-0.175,0.0,0.0,0,-6.840594323875848e-06,-0.01756948046386242,0.07059486210346222,0.0,1.5707963705062866,-1.5760897397994995,1,-0.02948920801281929,0.13822223246097565,0.0485440269112587,5.916622747292877e-09,-8.481475077815048e-09,1.4877046346664429,-0.029489208208562347,0.13822223104183273,1.4877042733014245,0.17779957417382866,0.16043275123327444,0.09708821346446678,0.27694291387570097
0.0,-0.015,-0.175,0.0,0.0,0,-6.83033022141899e-06,-0.015080918557941914,0.07059498876333237,0.0,1.5707963705062866,-1.576322317123413,1,-0.02948920801281929,0.13822223246097565,0.0485440269112587,6.415971753881422e-09,-9.172945958368928e-09,1.4877046346664429,-0.029489208208562347,0.13822223104183273,1.4877042733014245,0.17779957417382866,0.16043275123327444,0.09708821346446678,0.27694291387570097
0.0,-0.012500000000000004,-0.175,0.0,0.0,0,-6.831620339653455e-06,-0.01259144488722086,0.07059511542320251,0.0,1.570451021194458,-1.5765436887741089,1,-0.02948920801281929,0.13822223246097565,0.0485440269112587,6.24194118614696e-09,-9.356026176021714e-09,1.4877046346664429,-0.029489208208562347,0.13822223104183273,1.4877042733014245,0.17779957417382866,0.16043275123327444,0.09708821346446678,0.27694291387570097
0.0,-0.010000000000000002,-0.175,0.0,0.0,0,-6.832656254118774e-06,-0.01010201871395111,0.07059511542320251,0.0,1.5707963705062866,-1.5767518281936646,1,-0.02948920801281929,0.13822223246097565,0.0485440269112587,6.540155084167054e-09,-9.663019717720545e-09,1.4877046346664429,-0.029489208208562347,0.13822223104183273,1.4877042733014245,0.17779957417382866,0.16043275123327444,0.09708821346446678,0.27694291387570097
0.0,-0.0075,-0.175,0.0,0.0,0,-6.833767656644341e-06,-0.007611681707203388,0.0705951452255249,0.0,1.5707963705062866,-1.576950192451477,1,-0.02948920801281929,0.13822223246097565,0.0485440269112587,6.63636701148107e-09,-6.147674813661297e-09,1.4877046346664429,-0.029489208208562347,0.13822223104183273,1.4877042733014245,0.17779957417382866,0.16043275123327444,0.09708821346446678,0.27694291387570097
0.0,-0.0050000000000000044,-0.175,0.0,0.0,0,-6.8257932070991956e-06,-0.005121457856148481,0.07059521973133087,0.0,1.5707963705062866,-1.577131986618042,1,-0.02948920801281929,0.13822223246097565,0.0485440269112587,6.9725105689144584e-09,-6.4708176594763245e-09,1.4877046346664429,-0.029489208208562347,0.13822223104183273,1.4877042733014245,0.17779957417382866,0.16043275123327444,0.09708821346446678,0.27694291387570097
0.0,-0.0025000000000000022,-0.175,0.0,0.0,0,-6.829490757809253e-06,-0.0026296726427972317,0.07059532403945923,0.0,1.5707963705062866,-1.5773037672042847,1,-0.02948920801281929,0.13822223246097565,0.0485440269112587,6.950029440844219e-09,-6.651950101854709e-09,1.4877046346664429,-0.029489208208562347,0.13822223104183273,1.4877042733014245,0.17779957417382866,0.16043275123327444,0.09708821346446678,0.27694291387570097
0.0,0.0,-0.175,0.0,0.0,0,-6.827503057138529e-06,-0.00013711699284613132,0.07059527933597565,0.0,1.5707963705062866,-1.5774673223495483,1,-0.02948920801281929,0.13822223246097565,0.0485440269112587,7.247433764234756e-09,-7.102102905776064e-09,1.4877046346664429,-0.029489208208562347,0.13822223104183273,1.4877042733014245,0.17779957417382866,0.16043275123327444,0.09708821346446678,0.27694291387570097
0.0,0.0024999999999999953,-0.175,0.0,0.0,0,-6.828038749517873e-06,0.0023556328378617764,0.07059536874294281,0.0,1.5707963705062866,-1.5776199102401733,1,-0.02948920801281929,0.13822223246097565,0.0485440269112587,7.2686163754553945e-09,-7.481442132473148e-09,1.4877046346664429,-0.029489208208562347,0.13822223104183273,1.4877042733014245,0.17779957417382866,0.16043275123327444,0.09708821346446678,0.27694291387570097
0.0,0.0049999999999999975,-0.175,0.0,0.0,0,-6.823111561971018e-06,0.004848893266171217,0.07059545814990997,0.0,1.5707963705062866,-1.5777665376663208,1,-0.02948920801281929,0.13822223246097565,0.0485440269112587,7.3430679314867575e-09,-7.911536314963996e-09,1.4877046346664429,-0.029489208208562347,0.13822223104183273,1.4877042733014245,0.17779957417382866,0.16043275123327444,0.09708821346446678,0.27694291387570097
0.0,0.0075,-0.175,0.0,0.0,0,-6.822643626946956e-06,0.007341648917645216,0.07059554010629654,0.0,1.5703080892562866,-1.5779014825820923,1,-0.02948920801281929,0.13822223246097565,0.0485440269112587,4.060244140902114e-09,-7.70028840690884e-09,1.4877046346664429,-0.029489208208562347,0.13822223104183273,1.4877042733014245,0.17779957417382866,0.16043275123327444,0.09708821346446678,0.27694291387570097
0.0,0.009999999999999995,-0.175,0.0,0.0,0,-6.8125241341476794e-06,0.009835537523031235,0.07059553265571594,0.0,1.5707963705062866,-1.5780314207077026,1,-0.02948920801281929,0.13822223246097565,0.0485440269112587,3.931122538602949e-09,-7.1710242188771645e-09,1.4877046346664429,-0.029489208208562347,0.13822223104183273,1.4877042733014245,0.17779957417382866,0.16043275123327444,0.09708821346446678,0.27694291387570097
0.0,0.012499999999999997,-0.175,0.0,0.0,0,-6.811100774939405e-06,0.012329662218689919,0.07059556990861893,0.0,1.5707963705062866,-1.578152060508728,1,-0.02948920801281929,0.13822223246097565,0.0485440269112587,3.9003777985158194e-09,-7.822125169809624e-09,1.4877046346664429,-0.029489208208562347,0.13822223104183273,1.4877042733014245,0.17779957417382866,0.16043275123327444,0.09708821346446678,0.27694291387570097
0.0,0.015,-0.175,0.0,0.0,0,-6.809847945987713e-06,0.014824125915765762,0.07059572637081146,0.0,1.5707963705062866,-1.5782662630081177,1,-0.02948920801281929,0.13822223246097565,0.0485440269112587,4.12947454009327e-09,-8.06156918997658e-09,1.4877046346664429,-0.029489208208562347,0.13822223104183273,1.4877042733014245,0.17779957417382866,0.16043275123327444,0.09708821346446678,0.27694291387570097
0.0,0.0175,-0.175,0.0,0.0,0,-6.815249889768893e-06,0.01731901988387108,0.07059573382139206,0.0,1.5707963705062866,-1.5783716440200806,1,-0.02948920801281929,0.13822223246097565,0.0485440269112587,4.2721346460439236e-09,-8.356495051486945e-09,1.4877046346664429,-0.029489208208562347,0.13822223104183273,1.4877042733014245,0.17779957417382866,0.16043275123327444,0.09708821346446678,0.27694291387570097
0.0,0.020000000000000004,-0.175,0.0,0.0,0,-6.795952685934026e-06,0.019814644008874893,0.07059575617313385,0.0,1.5707963705062866,-1.5784727334976196,1,-0.02948920801281929,0.13822223246097565,0.0485440269112587,4.2135557265510215e-09,-7.815555314039102e-09,1.4877046346664429,-0.029489208208562347,0.13822223104183273,1.4877042733014245,0.17779957417382866,0.16043275123327444,0.09708821346446678,0.27694291387570097
0.0,0.022499999999999992,-0.175,0.0,0.0,0,-6.808209491282469e-06,0.022309821099042892,0.07059580087661743,0.0,1.5707963705062866,-1.578565239906311,1,-0.02948920801281929,0.13822223246097565,0.0485440269112587,4.096943229114913e-09,-8.066982637444653e-09,1.4877046346664429,-0.029489208208562347,0.13822223104183273,1.4877042733014245,0.17779957417382866,0.16043275123327444,0.09708821346446678,0.27694291387570097
0.0,0.024999999999999994,-0.175,0.0,0.0,0,-6.801522886235034e-06,0.024805255234241486,0.07059584558010101,0.0,1.5707963705062866,-1.5786497592926025,1,-0.02948920801281929,0.13822223246097565,0.0485440269112587,4.1730734423595095e-09,-8.318886024483163e-09,1.4877046346664429,-0.029489208208562347,0.13822223104183273,1.4877042733014245,0.17779957417382866,0.16043275123327444,0.09708821346446678,0.27694291387570097
0.0,0.027499999999999997,-0.175,0.0,0.0,0,-6.7915721047029365e-06,0.027301352471113205,0.07059583812952042,0.0,1.570451021194458,-1.5787299871444702,1,-0.02948920801281929,0.13822223246097565,0.0485440269112587,4.066673220393113e-09,-9.163291458946787e-09,1.4877046346664429,-0.029489208208562347,0.13822223104183273,1.4877042733014245,0.17779957417382866,0.16043275123327444,0.09708821346446678,0.27694291387570097
0.0,0.03,-0.175,0.0,0.0,0,-6.798624781367835e-06,0.029798660427331924,0.0705958679318428,0.0,1.5707963705062866,-1.5788094997406006,1,-0.02948920801281929,0.13822223246097565,0.0485440269112587,4.484605575783007e-09,-9.274053525132331e-09,1.4877046346664429,-0.029489208208562347,0.13822223104183273,1.4877042733014245,0.17779957417382866,0.16043275123327444,0.09708821346446678,0.27694291387570097
0.0,0.0325,-0.175,0.0,0.0,0,-6.7919486355094705e-06,0.03229496628046036,0.07059593498706818,0.0,1.5707963705062866,-1.578883171081543,1,-0.02948920801281929,0.13822223246097565,0.0485440269112587,5.411807890709497e-09,-6.005865138547506e-09,1.4877046346664429,-0.029489208208562347,0.13822223104183273,1.4877042733014245,0.17779957417382866,0.16043275123327444,0.09708821346446678,0.27694291387570097
0.0,0.035,-0.175,0.0,0.0,0,-6.793689863116015e-06,0.03479161858558655,0.07059590518474579,0.0,1.5707963705062866,-1.5789536237716675,1,-0.02948920801281929,0.13822223246097565,0.0485440269112587,4.9736028628899476e-09,-6.3549565609832825e-09,1.4877046346664429,-0.029489208208562347,0.13822223104183273,1.4877042733014245,0.17779957417382866,0.16043275123327444,0.09708821346446678,0.27694291387570097
0.0,0.037500000000000006,-0.175,0.0,0.0,0,-6.7883916017308366e-06,0.037288226187229156,0.07059594988822937,0.0,1.5707963705062866,-1.579017996788025,1,-0.02948920801281929,0.13822223246097565,0.0485440269112587,5.531771041233924e-09,-7.18472037419815e-09,1.4877046346664429,-0.029489208208562347,0.13822223104183273,1.4877042733014245,0.17779957417382866,0.16043275123327444,0.09708821346446678,0.27694291387570097
0.0,0.039999999999999994,-0.175,0.0,0.0,0,-2.81493594229687e-05,0.03935635834932327,0.07059739530086517,0.0,1.5707963705062866,-1.5790399312973022,1,-0.02949943207204342,0.13843277096748352,0.048544056713581085,-7.504514201173151e-07,5.017601552026463e-07,1.4875792264938354,-0.029489208208562347,0.13822223104183273,1.4877042733014245,0.17779957417382866,0.16043275123327444,0.09708821346446678,0.27694291387570097
0.0,0.042499999999999996,-0.175,0.0,0.0,0,-4.771022577187978e-05,0.03949986398220062,0.0705985426902771,0.0,1.5699505805969238,-1.5790399312973022,1,-0.029508832842111588,0.1386115849018097,0.048543866723775864,-4.34573439633823e-06,-1.0615804058033973e-07,1.4874662160873413,-0.029489208208562347,0.13822223104183273,1.4877042733014245,0.17779957417382866,0.16043275123327444,0.09708821346446678,0.27694291387570097
0.0,0.045,-0.175,0.0,0.0,0,-7.231398194562644e-05,0.039747387170791626,0.07059907913208008,0.0,1.5698198080062866,-1.5790234804153442,1,-0.029522325843572617,0.13884952664375305,0.04854389280080795,-3.89406704925932e-06,6.0931813550269e-07,1.4873249530792236,-0.029489208208562347,0.13822223104183273,1.4877042733014245,0.17779957417382866,0.16043275123327444,0.09708821346446678,0.27694291387570097
0.0,0.0475,-0.175,0.0,0.0,0,-0.00010542295785853639,0.0400824211537838,0.07059978693723679,0.0,1.569882869720459,-1.578993320465088,1,-0.029540305957198143,0.13917312026023865,0.04854376241564751,-6.250740625546314e-06,1.8567243387224153e-07,1.4871357679367065,-0.029489208208562347,0.13822223104183273,1.4877042733014245,0.17779957417382866,0.16043275123327444,0.09708821346446678,0.27694291387570097
0.0,0.05,-0.175,0.0,0.0,0,-0.00015469943173229694,0.040564388036727905,0.07060195505619049,0.0,1.569704532623291,-1.5789839029312134,1,-0.029565269127488136,0.13964170217514038,0.048543911427259445,-7.529469030487235e-07,1.3200429975768202e-06,1.4868344068527222,-0.029489208208562347,0.13822223104183273,1.4877042733014245,0.17779957417382866,0.16043275123327444,0.09708821346446678,0.27694291387570097
0.0,0.052500000000000005,-0.175,0.0,0.0,0,-0.0002235863357782364,0.04122646898031235,0.07060486078262329,0.0,1.569704532623291,-1.578966736793518,1,-0.02959982119500637,0.1402856707572937,0.04854387789964676,-4.0231623188446974e-07,2.209372041761526e-06,1.4864091873168945,-0.029489208208562347,0.13822223104183273,1.4877042733014245,0.17779957417382866,0.16043275123327444,0.09708821346446678,0.27694291387570097
0.0,0.05499999999999999,-0.175,0.0,0.0,0,-0.00033643670030869544,0.04215814173221588,0.0706091970205307,0.0,1.5696512460708618,-1.5789557695388794,1,-0.029557257890701294,0.14115259051322937,0.04854385927319527,-2.302697339473525e-07,2.8359768293739762e-06,1.4845753908157349,-0.029489208208562347,0.13822223104183273,1.4877042733014245,0.17779957417382866,0.16043275123327444,0.09708821346446678,0.27694291387570097
0.0,0.057499999999999996,-0.175,0.0,0.0,0,-0.000538920343387872,0.04383639246225357,0.07061267644166946,0.0,1.5696003437042236,-1.5789552927017212,1,-0.02945549786090851,0.14271007478237152,0.04854410141706467,-3.3847563827293925e-06,6.699087407469051e-06,1.4810190200805664,-0.029489208208562347,0.13822223104183273,1.4877042733014245,0.17779957417382866,0.16043275123327444,0.09708821346446678,0.27694291387570097
0.0,0.06,-0.175,0.0,0.0,0,-0.0008841745438985527,0.046071577817201614,0.07073721289634705,0.0,1.5696003437042236,-1.5789461135864258,1,-0.029300212860107422,0.14471741020679474,0.04853716865181923,-9.119758033193648e-06,-7.7763972512912e-05,1.4741822481155396,-0.029489208208562347,0.13822223104183273,1.4877042733014245,0.17779957417382866,0.16043275123327444,0.09708821346446678,0.27694291387570097
0.0,0.0625,-0.175,0.0,0.0,0,-0.0014623356983065605,0.04876810684800148,0.07074932008981705,0.0,1.5695044994354248,-1.5789313316345215,1,-0.029109040275216103,0.14710061252117157,0.048543740063905716,5.984090876154369e-07,5.5276259445236064e-06,1.4651356935501099,-0.029489208208562347,0.13822223104183273,1.4877042733014245,0.17779957417382866,0.16043275123327444,0.09708821346446678,0.27694291387570097
0.0,0.065,-0.175,0.0,0.0,0,-0.0019129689317196608,0.05144820734858513,0.07086451351642609,0.0,1.5694152116775513,-1.5789165496826172,1,-0.028895163908600807,0.14948150515556335,0.04853837937116623,-8.062714186962694e-06,-6.0970480262767524e-05,1.4564950466156006,-0.029489208208562347,0.13822223104183273,1.4877042733014245,0.17779957417382866,0.16043275123327444,0.09708821346446678,0.27694291387570097
0.0,0.0675,-0.175,0.0,0.0,0,-0.002427908591926098,0.054102521389722824,0.07087010145187378,0.0,1.569459080696106,-1.5788969993591309,1,-0.02869192324578762,0.151829794049263,0.048543743789196014,3.8674897950841114e-07,4.990455636288971e-06,1.4480160474777222,-0.029489208208562347,0.13822223104183273,1.4877042733014245,0.17779957417382866,0.16043275123327444,0.09708821346446678,0.27694291387570097
0.0,0.06999999999999999,-0.175,0.0,0.0,0,-0.0028890250250697136,0.05668502300977707,0.07085421681404114,0.0,1.5694152116775513,-1.5788873434066772,1,-0.028470873832702637,0.15411898493766785,0.04854419827461243,-6.846206815680489e-06,1.0630764336383436e-05,1.4400434494018555,-0.029489208208562347,0.13822223104183273,1.4877042733014245,0.17779957417382866,0.16043275123327444,0.09708821346446678,0.27694291387570097
0.0,0.0725,-0.175,0.0,0.0,0,-0.003085443517193198,0.05907556414604187,0.07096268236637115,0.0,1.5692522525787354,-1.5788770914077759,1,-0.028175393119454384,0.156268909573555,0.04854224622249603,-2.7625146685750224e-06,-1.1366873877705075e-05,1.433336853981018,-0.029489208208562347,0.13822223104183273,1.4877042733014245,0.17779957417382866,0.16043275123327444,0.09708821346446678,0.27694291387570097
0.0,0.075,-0.175,0.0,0.0,0,-0.0033900351263582706,0.061581533402204514,0.07096420228481293,0.0,1.5693727731704712,-1.5788699388504028,1,-0.027889888733625412,0.1585092395544052,0.04854369908571243,7.837516022846103e-07,5.955650976829929e-06,1.426318645477295,-0.029489208208562347,0.13822223104183273,1.4877042733014245,0.17779957417382866,0.16043275123327444,0.09708821346446678,0.27694291387570097
0.0,0.0775,-0.175,0.0,0.0,0,-0.0035225574392825365,0.0640094056725502,0.07108041644096375,0.0,1.569214105606079,-1.5788557529449463,1,-0.02756674215197563,0.1607028990983963,0.04853717237710953,-1.2669541320065036e-05,-7.454483420588076e-05,1.4199368953704834,-0.029489208208562347,0.13822223104183273,1.4877042733014245,0.17779957417382866,0.16043275123327444,0.09708821346446678,0.27694291387570097
0.0,0.08,-0.175,0.0,0.0,0,-0.003754137549549341,0.06654541194438934,0.07108918577432632,0.0,1.569291353225708,-1.5788402557373047,1,-0.027242492884397507,0.1629791259765625,0.048543673008680344,7.883102171035716e-07,6.053213837731164e-06,1.4132431745529175,-0.029489208208562347,0.13822223104183273,1.4877042733014245,0.17779957417382866,0.16043275123327444,0.09708821346446678,0.27694291387570097
0.0,0.0825,-0.175,0.0,0.0,0,-0.0039027074817568064,0.06900429725646973,0.07121455669403076,0.0,1.5692522525787354,-1.5788224935531616,1,-0.026921898126602173,0.16518272459506989,0.0485273115336895,-3.43361243722029e-05,-0.00019409722881391644,1.4065251350402832,-0.029489208208562347,0.13822223104183273,1.4877042733014245,0.17779957417382866,0.16043275123327444,0.09708821346446678,0.27694291387570097
0.0,0.085,-0.175,0.0,0.0,0,-0.004195016343146563,0.07149174064397812,0.07123522460460663,0.0,1.5692522525787354,-1.57880437374115,1,-0.026618193835020065,0.16738095879554749,0.048543673008680344,3.8487564779643435e-07,6.27624467597343e-06,1.3992407321929932,-0.029489208208562347,0.13822223104183273,1.4877042733014245,0.17779957417382866,0.16043275123327444,0.09708821346446678,0.27694291387570097
0.0,0.08750000000000001,-0.175,0.0,0.0,0,-0.004386289976537228,0.07402972131967545,0.07127927988767624,0.0,1.5691049098968506,-1.5787830352783203,1,-0.026285845786333084,0.16964855790138245,0.04849284142255783,-0.00011405816621845588,-0.0006217051413841546,1.3923733234405518,-0.029489208208562347,0.13822223104183273,1.4877042733014245,0.17779957417382866,0.16043275123327444,0.09708821346446678,0.27694291387570097
0.0,0.09000000000000001,-0.175,0.0,0.0,0,-0.004409941844642162,0.07654447853565216,0.07134576141834259,0.0,1.5691769123077393,-1.5787731409072876,1,-0.025820136070251465,0.17191171646118164,0.048543475568294525,5.4241098723650794e-08,9.811858490138547e-07,1.386083722114563,-0.029489208208562347,0.13822223104183273,1.4877042733014245,0.17779957417382866,0.16043275123327444,0.09708821346446678,0.27694291387570097
0.0,0.09250000000000001,-0.175,0.0,0.0,0,-0.004484833683818579,0.07914229482412338,0.07134561985731125,0.0,1.5691049098968506,-1.5787560939788818,1,-0.02536996826529503,0.17424514889717102,0.04854375869035721,7.28547547623748e-07,5.079052698420128e-06,1.379711389541626,-0.029489208208562347,0.13822223104183273,1.4877042733014245,0.17779957417382866,0.16043275123327444,0.09708821346446678,0.27694291387570097
0.0,0.09499999999999999,-0.175,0.0,0.0,0,-0.004292608704417944,0.08156581223011017,0.07145843654870987,0.0,1.5691049098968506,-1.5787392854690552,1,-0.024801192805171013,0.17645122110843658,0.04854221269488335,-4.400097623147303e-06,-1.634809814277105e-05,1.3741651773452759,-0.029489208208562347,0.13822223104183273,1.4877042733014245,0.17779957417382866,0.16043275123327444,0.09708821346446678,0.27694291387570097
0.0,0.09749999999999999,-0.175,0.0,0.0,0,-0.004241761285811663,0.08409342169761658,0.07146018743515015,0.0,1.5691769123077393,-1.5787209272384644,1,-0.024253342300653458,0.17872172594070435,0.04854387417435646,6.882586376377731e-07,2.711908564378973e-06,1.3680874109268188,-0.029489208208562347,0.13822223104183273,1.4877042733014245,0.17779957417382866,0.16043275123327444,0.09708821346446678,0.27694291387570097
0.0,0.09999999999999999,-0.175,0.0,0.0,0,-0.004220666829496622,0.08663719147443771,0.07146114856004715,0.0,1.5690699815750122,-1.578708529472351,1,-0.023722704499959946,0.180998295545578,0.048544153571128845,-4.249880021234276e-06,8.173514288500883e-06,1.3618475198745728,-0.029489208208562347,0.13822223104183273,1.4877042733014245,0.17779957417382866,0.16043275123327444,0.09708821346446678,0.27694291387570097
0.0,0.1025,-0.175,0.0,0.0,0,-0.004044167697429657,0.08902348577976227,0.07157023251056671,0.0,1.5690357685089111,-1.5786865949630737,1,-0.023161808028817177,0.18315544724464417,0.04854052513837814,-9.291712558479048e-06,-3.7929974496364594e-05,1.356198787689209,-0.029489208208562347,0.13822223104183273,1.4877042733014245,0.17779957417382866,0.16043275123327444,0.09708821346446678,0.27694291387570097
0.0,0.105,-0.175,0.0,0.0,0,-0.004005349241197109,0.09152285009622574,0.07157421857118607,0.0,1.5691049098968506,-1.5786702632904053,1,-0.022616293281316757,0.18538156151771545,0.04854389280080795,5.851237574461265e-07,3.1749120807944564e-06,1.3499376773834229,-0.029489208208562347,0.13822223104183273,1.4877042733014245,0.17779957417382866,0.16043275123327444,0.09708821346446678,0.27694291387570097
0.0,0.1075,-0.175,0.0,0.0,0,-0.0039960709400475025,0.09407179802656174,0.07157380878925323,0.0,1.5690699815750122,-1.5786470174789429,1,-0.022078748792409897,0.18764160573482513,0.048543862998485565,3.4955996852659155e-07,2.9626357900269795e-06,1.3434135913848877,-0.029489208208562347,0.13822223104183273,1.4877042733014245,0.17779957417382866,0.16043275123327444,0.09708821346446678,0.27694291387570097
0.0,0.11,-0.175,0.0,0.0,0,-0.0040059760212898254,0.09662855416536331,0.07157431542873383,0.0,1.5691769123077393,-1.5786322355270386,1,-0.021553639322519302,0.189901202917099,0.04854408651590347,-4.073345735378098e-06,8.44851183501305e-06,1.336778163909912,-0.029489208208562347,0.13822223104183273,1.4877042733014245,0.17779957417382866,0.16043275123327444,0.09708821346446678,0.27694291387570097
0.0,0.1125,-0.175,0.0,0.0,0,-0.0038987030275166035,0.09902764856815338,0.07167686522006989,0.0,1.5691049098968506,-1.5786080360412598,1,-0.021019484847784042,0.19203707575798035,0.0485396571457386,-1.2649739801418036e-05,-4.7719284339109436e-05,1.3306102752685547,-0.029489208208562347,0.13822223104183273,1.4877042733014245,0.17779957417382866,0.16043275123327444,0.09708821346446678,0.27694291387570097
0.0,0.115,-0.175,0.0,0.0,0,-0.003911670297384262,0.10153177380561829,0.07168206572532654,0.0,1.5691049098968506,-1.5785812139511108,1,-0.02049979567527771,0.19423630833625793,0.04854384437203407,6.181263643156854e-07,3.052826286875643e-06,1.323931336402893,-0.029489208208562347,0.13822223104183273,1.4877042733014245,0.17779957417382866,0.16043275123327444,0.09708821346446678,0.27694291387570097
0.0,0.11750000000000001,-0.175,0.0,0.0,0,-0.00394462700933218,0.10409368574619293,0.07168172299861908,0.0,1.5690699815750122,-1.5785503387451172,1,-0.019983891397714615,0.1964794546365738,0.04854383319616318,-6.21647586740437e-08,2.8175904844829347e-06,1.3170557022094727,-0.029489208208562347,0.13822223104183273,1.4877042733014245,0.17779957417382866,0.16043275123327444,0.09708821346446678,0.27694291387570097
0.0,0.12000000000000001,-0.175,0.0,0.0,0,-0.003979006316512823,0.10665944963693619,0.07168212532997131,0.0,1.5691049098968506,-1.5785332918167114,1,-0.01947282999753952,0.19872374832630157,0.04854416102170944,-2.8270910661376547e-06,8.783758858044166e-06,1.3101928234100342,-0.029489208208562347,0.13822223104183273,1.4877042733014245,0.17779957417382866,0.16043275123327444,0.09708821346446678,0.27694291387570097
0.0,0.12250000000000001,-0.175,0.0,0.0,0,-0.003938580397516489,0.10906712710857391,0.07177822291851044,0.0,1.5690357685089111,-1.5785208940505981,1,-0.018966590985655785,0.200831338763237,0.048537179827690125,-2.1166102669667453e-05,-7.564661791548133e-05,1.303499460220337,-0.029489208208562347,0.13822223104183273,1.4877042733014245,0.17779957417382866,0.16043275123327444,0.09708821346446678,0.27694291387570097
0.0,0.125,-0.175,0.0,0.0,0,-0.004013911820948124,0.11156466603279114,0.0717865526676178,0.0,1.5690357685089111,-1.5785127878189087,1,-0.018474359065294266,0.2029837816953659,0.048543814569711685,1.0075709724333137e-06,3.719269898283528e-06,1.2962549924850464,-0.029489208208562347,0.13822223104183273,1.4877042733014245,0.17779957417382866,0.16043275123327444,0.09708821346446678,0.27694291387570097
0.0,0.1275,-0.175,0.0,0.0,0,-0.004086470231413841,0.11413032561540604,0.07178714871406555,0.0,1.5689693689346313,-1.5784982442855835,1,-0.017968669533729553,0.20519256591796875,0.04854418337345123,-3.180059138685465e-06,7.249441296153236e-06,1.2888838052749634,-0.029489208208562347,0.13822223104183273,1.4877042733014245,0.17779957417382866,0.16043275123327444,0.09708821346446678,0.27694291387570097
0.0,0.13,-0.175,0.0,0.0,0,-0.004082359839230776,0.11657696217298508,0.07187874615192413,0.0,1.5690357685089111,-1.5784891843795776,1,-0.017468813806772232,0.20730885863304138,0.04853849858045578,-1.91758281289367e-05,-5.842082464369014e-05,1.2817907333374023,-0.029489208208562347,0.13822223104183273,1.4877042733014245,0.17779957417382866,0.16043275123327444,0.09708821346446678,0.27694291387570097
0.0,0.1325,-0.175,0.0,0.0,0,-0.004192854277789593,0.11912190914154053,0.07188526540994644,0.0,1.5691049098968506,-1.5784764289855957,1,-0.016989976167678833,0.20947805047035217,0.0485437847673893,1.1048801979995915e-06,3.971793830714887e-06,1.2741748094558716,-0.029489208208562347,0.13822223104183273,1.4877042733014245,0.17779957417382866,0.16043275123327444,0.09708821346446678,0.27694291387570097
0.0,0.135,-0.175,0.0,0.0,0,-0.004232329316437244,0.12166454643011093,0.07190170139074326,0.0,1.5691049098968506,-1.5784502029418945,1,-0.016489258036017418,0.21166375279426575,0.04849281907081604,-0.00019261542183812708,-0.0006076190038584173,1.2669252157211304,-0.029489208208562347,0.13822223104183273,1.4877042733014245,0.17779957417382866,0.16043275123327444,0.09708821346446678,0.27694291387570097
0.0,0.1375,-0.175,0.0,0.0,0,-0.004197966773062944,0.1241222470998764,0.07196841388940811,0.0,1.5690357685089111,-1.5784403085708618,1,-0.01593395695090294,0.21376967430114746,0.048543427139520645,-1.5175717180682113e-06,-1.1712148761944263e-06,1.2597838640213013,-0.029489208208562347,0.13822223104183273,1.4877042733014245,0.17779957417382866,0.16043275123327444,0.09708821346446678,0.27694291387570097
0.0,0.14,-0.175,0.0,0.0,0,-0.004243369679898024,0.12668074667453766,0.07196831703186035,0.0,1.5691049098968506,-1.5784188508987427,1,-0.015407348051667213,0.21594691276550293,0.04854382574558258,6.702987320750253e-07,4.0827790144248866e-06,1.252326250076294,-0.029489208208562347,0.13822223104183273,1.4877042733014245,0.17779957417382866,0.16043275123327444,0.09708821346446678,0.27694291387570097
0.0,0.14250000000000002,-0.175,0.0,0.0,0,-0.0042776744812726974,0.12912282347679138,0.07205237448215485,0.0,1.5690357685089111,-1.57839035987854,1,-0.014914855360984802,0.21801307797431946,0.04853542521595955,-3.42202911269851e-05,-9.353499626740813e-05,1.2447261810302734,-0.029489208208562347,0.13822223104183273,1.4877042733014245,0.17779957417382866,0.16043275123327444,0.09708821346446678,0.27694291387570097
0.0,0.14500000000000002,-0.175,0.0,0.0,0,-0.0044476743787527084,0.1316581815481186,0.07206261903047562,0.0,1.5691049098968506,-1.5783663988113403,1,-0.014459100551903248,0.22011609375476837,0.04854373633861542,5.463907655212097e-07,4.53188840765506e-06,1.2364224195480347,-0.029489208208562347,0.13822223104183273,1.4877042733014245,0.17779957417382866,0.16043275123327444,0.09708821346446678,0.27694291387570097
0.0,0.14750000000000002,-0.175,0.0,0.0,0,-0.0046190060675144196,0.13426145911216736,0.07205338031053543,0.0,1.5689693689346313,-1.5783590078353882,1,-0.014032989740371704,0.22229373455047607,0.04841829463839531,-0.0005315410089679062,-0.0014675104757770896,1.2282655239105225,-0.029489208208562347,0.13822223104183273,1.4877042733014245,0.17779957417382866,0.16043275123327444,0.09708821346446678,0.27694291387570097
0.0,0.15000000000000002,-0.175,0.0,0.0,0,-0.00462283194065094,0.1366884857416153,0.07213882356882095,0.0,1.5691049098968506,-1.578356385231018,1,-0.013479436747729778,0.2243162840604782,0.04854251444339752,-5.939159564150032e-06,-1.099399923987221e-05,1.220494270324707,-0.029489208208562347,0.13822223104183273,1.4877042733014245,0.17779957417382866,0.16043275123327444,0.09708821346446678,0.27694291387570097
0.0,0.15250000000000002,-0.175,0.0,0.0,0,-0.004718962125480175,0.13926087319850922,0.07214000821113586,0.0,1.5690357685089111,-1.5783401727676392,1,-0.012973472476005554,0.22645309567451477,0.048543766140937805,1.5664844568163971e-06,4.731883564090822e-06,1.2124202251434326,-0.029489208208562347,0.13822223104183273,1.4877042733014245,0.17779957417382866,0.16043275123327444,0.09708821346446678,0.27694291387570097
0.0,0.15500000000000003,-0.175,0.0,0.0,0,-0.004788576625287533,0.14183086156845093,0.07212583720684052,0.0,1.5691049098968506,-1.5783032178878784,1,-0.012472039088606834,0.22859914600849152,0.04846362769603729,-0.00036177667789161205,-0.000930180714931339,1.2046252489089966,-0.029489208208562347,0.13822223104183273,1.4877042733014245,0.17779957417382866,0.16043275123327444,0.09708821346446678,0.27694291387570097
0.0,0.15750000000000003,-0.175,0.0,0.0,0,-0.004753293003886938,0.14426162838935852,0.07221221923828125,0.0,1.5689693689346313,-1.5783132314682007,1,-0.011893080547451973,0.2306126356124878,0.04854307696223259,-3.743386969290441e-06,-5.7593615565565415e-06,1.1967984437942505,-0.029489208208562347,0.13822223104183273,1.4877042733014245,0.17779957417382866,0.16043275123327444,0.09708821346446678,0.27694291387570097
0.0,0.15999999999999998,-0.175,0.0,0.0,0,-0.0047957319766283035,0.14681974053382874,0.07221239060163498,0.0,1.5690357685089111,-1.5782835483551025,1,-0.011340988799929619,0.23271913826465607,0.04854385554790497,1.3168451005185489e-06,3.1896242944640107e-06,1.1886988878250122,-0.029489208208562347,0.13822223104183273,1.4877042733014245,0.17779957417382866,0.16043275123327444,0.09708821346446678,0.27694291387570097
0.0,0.16249999999999998,-0.175,0.0,0.0,0,-0.004817036911845207,0.14829134941101074,0.07221277803182602,0.0,1.5690357685089111,-1.5782506465911865,1,-0.011023974977433681,0.23392927646636963,0.04854411631822586,-2.477469479345018e-06,9.200649401464034e-06,1.1840583086013794,-0.029489208208562347,0.13822223104183273,1.4877042733014245,0.17779957417382866,0.16043275123327444,0.09708821346446678,0.27694291387570097
0.0,0.16499999999999998,-0.175,0.0,0.0,0,-0.004764256067574024,0.14997467398643494,0.07227805256843567,0.0,1.5690022706985474,-1.5782499313354492,1,-0.010628961026668549,0.2353323996067047,0.048537131398916245,-3.1539384508505464e-05,-7.324521720875055e-05,1.1788256168365479,-0.029489208208562347,0.13822223104183273,1.4877042733014245,0.17779957417382866,0.16043275123327444,0.09708821346446678,0.27694291387570097
0.0,0.16749999999999998,-0.175,0.0,0.0,0,-0.004830184392631054,0.1523873209953308,0.07228633761405945,0.0,1.5689693689346313,-1.5782438516616821,1,-0.010127117857336998,0.23729722201824188,0.04854380711913109,1.1508026318551856e-06,2.968919034174178e-06,1.170936107635498,-0.029489208208562347,0.13822223104183273,1.4877042733014245,0.17779957417382866,0.16043275123327444,0.09708821346446678,0.27694291387570097
0.0,0.16999999999999998,-0.175,0.0,0.0,0,-0.0049047707580029964,0.15516991913318634,0.07228697836399078,0.0,1.5689693689346313,-1.5782362222671509,1,-0.009552923031151295,0.23956076800823212,0.048544157296419144,-2.283218009324628e-06,1.0527813174121547e-05,1.1619198322296143,-0.029489208208562347,0.13822223104183273,1.4877042733014245,0.17779957417382866,0.16043275123327444,0.09708821346446678,0.27694291387570097
0.0,0.1725,-0.175,0.0,0.0,0,-0.004857636988162994,0.1578379124403,0.0723385363817215,0.0,1.5689693689346313,-1.5782073736190796,1,-0.00892060250043869,0.24174025654792786,0.04853839799761772,-2.760633287834935e-05,-5.9270478232065216e-05,1.1533081531524658,-0.029489208208562347,0.13822223104183273,1.4877042733014245,0.17779957417382866,0.16043275123327444,0.09708821346446678,0.27694291387570097
0.0,0.175,-0.175,0.0,0.0,0,-0.004873089957982302,0.16046622395515442,0.07234537601470947,0.0,1.568937063217163,-1.5782006978988647,1,-0.008317137137055397,0.24385514855384827,0.04854387789964676,3.754541921807686e-08,2.2580813947570277e-06,1.144545555114746,-0.029489208208562347,0.13822223104183273,1.4877042733014245,0.17779957417382866,0.16043275123327444,0.09708821346446678,0.27694291387570097
0.0,0.1775,-0.175,0.0,0.0,0,-0.004911871626973152,0.16303542256355286,0.07234615832567215,0.0,1.5690357685089111,-1.5781952142715454,1,-0.007746594958007336,0.2459103763103485,0.04854409024119377,-1.9324797904118896e-06,7.458382242475636e-06,1.1358884572982788,-0.029489208208562347,0.13822223104183273,1.4877042733014245,0.17779957417382866,0.16043275123327444,0.09708821346446678,0.27694291387570097
0.0,0.18,-0.175,0.0,0.0,0,-0.004868180025368929,0.16543664038181305,0.07238460332155228,0.0,1.5689693689346313,-1.5781697034835815,1,-0.007171199657022953,0.24784672260284424,0.04853321239352226,-5.715165025321767e-05,-0.00011891925532836467,1.1279736757278442,-0.029489208208562347,0.13822223104183273,1.4877042733014245,0.17779957417382866,0.16043275123327444,0.09708821346446678,0.27694291387570097
0.0,0.1825,-0.175,0.0,0.0,0,-0.004935839679092169,0.1690363585948944,0.07239917665719986,0.0,1.5690022706985474,-1.5782047510147095,1,-0.006387841887772083,0.25070124864578247,0.048543769866228104,-2.91795458906563e-08,1.93835376194329e-06,1.1156219244003296,-0.029489208208562347,0.13822223104183273,1.4877042733014245,0.17779957417382866,0.16043275123327444,0.09708821346446678,0.27694291387570097
0.0,0.185,-0.175,0.0,0.0,0,-0.004980844911187887,0.17127227783203125,0.07239837199449539,0.0,1.5690357685089111,-1.578152060508728,1,-0.005907929968088865,0.25246766209602356,0.048543866723775864,1.2735285963572096e-06,2.193247837567469e-06,1.1079870462417603,-0.029489208208562347,0.13822223104183273,1.4877042733014245,0.17779957417382866,0.16043275123327444,0.09708821346446678,0.27694291387570097
0.0,0.1875,-0.175,0.0,0.0,0,-0.0050112344324588776,0.1732005774974823,0.07239917665719986,0.0,1.5689693689346313,-1.5781625509262085,1,-0.005491663236171007,0.2539917826652527,0.04854411631822586,-1.1300410278636264e-06,7.0972819230519235e-06,1.1014461517333984,-0.029489208208562347,0.13822223104183273,1.4877042733014245,0.17779957417382866,0.16043275123327444,0.09708821346446678,0.27694291387570097
0.0,0.19,-0.175,0.0,0.0,0,-0.005014624446630478,0.17678400874137878,0.07244424521923065,0.0,1.5690022706985474,-1.578189492225647,1,-0.004666787106543779,0.25680261850357056,0.04854351654648781,-1.1991195378868724e-06,-3.0167100817379833e-07,1.0888751745224,-0.029489208208562347,0.13822223104183273,1.4877042733014245,0.17779957417382866,0.16043275123327444,0.09708821346446678,0.27694291387570097
0.0,0.1925,-0.175,0.0,0.0,0,-0.005077641922980547,0.17945978045463562,0.07244423031806946,0.0,1.5689693689346313,-1.578173279762268,1,-0.004090248607099056,0.25887542963027954,0.04854385554790497,1.4442852034335374e-06,2.6564441668597283e-06,1.0793380737304688,-0.029489208208562347,0.13822223104183273,1.4877042733014245,0.17779957417382866,0.16043275123327444,0.09708821346446678,0.27694291387570097
0.0,0.195,-0.175,0.0,0.0,0,-0.0051628900691866875,0.1820860654115677,0.07248686999082565,0.0,1.568905234336853,-1.5781749486923218,1,-0.003551752772182226,0.26089340448379517,0.04853951185941696,-2.4652788852108642e-05,-4.253442966728471e-05,1.0696254968643188,-0.029489208208562347,0.13822223104183273,1.4877042733014245,0.17779957417382866,0.16043275123327444,0.09708821346446678,0.27694291387570097
0.0,0.1975,-0.175,0.0,0.0,0,-0.005349292419850826,0.18476417660713196,0.07249227166175842,0.0,1.568937063217163,-1.5781687498092651,1,-0.003070554928854108,0.2629162669181824,0.04854381084442139,1.8021709138338338e-06,3.2720258786866907e-06,1.0594462156295776,-0.029489208208562347,0.13822223104183273,1.4877042733014245,0.17779957417382866,0.16043275123327444,0.09708821346446678,0.27694291387570097
0.0,0.2,-0.175,0.0,0.0,0,-0.005518659017980099,0.18733592331409454,0.07249292731285095,0.0,1.568905234336853,-1.5781645774841309,1,-0.0026098755188286304,0.264858216047287,0.04854412376880646,-1.5963105397531763e-06,1.2248550774529576e-05,1.049774169921875,-0.029489208208562347,0.13822223104183273,1.4877042733014245,0.17779957417382866,0.16043275123327444,0.09708821346446678,0.27694291387570097
0.0,0.2025,-0.175,0.0,0.0,0,-0.005753178149461746,0.18972688913345337,0.07253427803516388,0.0,1.5689693689346313,-1.5781490802764893,1,-0.0022470131516456604,0.26663127541542053,0.04853838309645653,-3.147431561956182e-05,-5.003119076718576e-05,1.0401941537857056,-0.029489208208562347,0.13822223104183273,1.4877042733014245,0.17779957417382866,0.16043275123327444,0.09708821346446678,0.27694291387570097
0.0,0.20500000000000002,-0.175,0.0,0.0,0,-0.006138534750789404,0.192351296544075,0.07254105806350708,0.0,1.568937063217163,-1.578165054321289,1,-0.0019390685483813286,0.26853448152542114,0.04854368418455124,1.4739657672180329e-06,6.437847787310602e-06,1.0292882919311523,-0.029489208208562347,0.13822223104183273,1.4877042733014245,0.17779957417382866,0.16043275123327444,0.09708821346446678,0.27694291387570097
0.0,0.20750000000000002,-0.175,0.0,0.0,0,-0.006499519106000662,0.19493518769741058,0.07254262268543243,0.0,1.5689693689346313,-1.5781673192977905,1,-0.0016316532855853438,0.2704082727432251,0.04854419082403183,-4.171583896095399e-06,1.9586324924603105e-05,1.0186903476715088,-0.029489208208562347,0.13822223104183273,1.4877042733014245,0.17779957417382866,0.16043275123327444,0.09708821346446678,0.27694291387570097
0.0,0.21000000000000002,-0.175,0.0,0.0,0,-0.006746045313775539,0.19738511741161346,0.07258251309394836,0.0,1.568905234336853,-1.5781508684158325,1,-0.001267962739802897,0.2721881568431854,0.048541706055402756,-1.376389445795212e-05,-1.2543243428808637e-05,1.0086146593093872,-0.029489208208562347,0.13822223104183273,1.4877042733014245,0.17779957417382866,0.16043275123327444,0.09708821346446678,0.27694291387570097
0.0,0.21250000000000002,-0.175,0.0,0.0,0,-0.007081081159412861,0.20001141726970673,0.07258421182632446,0.0,1.5689693689346313,-1.5781569480895996,1,-0.0009299771627411246,0.2740701735019684,0.04854367673397064,3.2418015507573728e-06,6.6470952333475e-06,0.9976926445960999,-0.029489208208562347,0.13822223104183273,1.4877042733014245,0.17779957417382866,0.16043275123327444,0.09708821346446678,0.27694291387570097
0.0,0.21500000000000002,-0.175,0.0,0.0,0,-0.007099036127328873,0.20224551856517792,0.0725964605808258,0.0,1.5688432455062866,-1.5781375169754028,1,-0.0006214407039806247,0.27582478523254395,0.04854387417435646,-2.03166405299271e-06,-5.482419282998308e-07,0.9883707165718079,-0.029489208208562347,0.13822223104183273,1.4877042733014245,0.17779957417382866,0.16043275123327444,0.09708821346446678,0.27694291387570097
0.0,0.21750000000000003,-0.175,0.0,0.0,0,-0.006864893715828657,0.20368532836437225,0.07260414212942123,0.0,1.5688740015029907,-1.5780810117721558,1,-0.000371473201084882,0.27709296345710754,0.04854387417435646,-1.6378617146983743e-06,-4.873763828072697e-07,0.9827904105186462,-0.029489208208562347,0.13822223104183273,1.4877042733014245,0.17779957417382866,0.16043275123327444,0.09708821346446678,0.27694291387570097
0.0,0.22000000000000003,-0.175,0.0,0.0,0,-0.006571555510163307,0.20547427237033844,0.07261248677968979,0.0,1.568905234336853,-1.5780563354492188,1,-5.9420061006676406e-05,0.278677761554718,0.04854385554790497,-1.5149648788792547e-06,-2.060137148873764e-06,0.9760144948959351,-0.029489208208562347,0.13822223104183273,1.4877042733014245,0.17779957417382866,0.16043275123327444,0.09708821346446678,0.27694291387570097
0.0,0.22250000000000003,-0.175,0.0,0.0,0,-0.0062021431513130665,0.20769435167312622,0.07262028008699417,0.0,1.5688432455062866,-1.5780085325241089,1,0.000328229769365862,0.2806535065174103,0.048543721437454224,-1.6328847323165974e-06,-3.943066531064687e-06,0.9676908850669861,-0.029489208208562347,0.13822223104183273,1.4877042733014245,0.17779957417382866,0.16043275123327444,0.09708821346446678,0.27694291387570097
0.0,0.22500000000000003,-0.175,0.0,0.0,0,-0.005783219821751118,0.2101416140794754,0.07262396067380905,0.0,1.5688432455062866,-1.577962040901184,1,0.000761123956181109,0.28284406661987305,0.04854382947087288,-2.1029709387221374e-06,-3.903779543179553e-06,0.9586143493652344,-0.029489208208562347,0.13822223104183273,1.4877042733014245,0.17779957417382866,0.16043275123327444,0.09708821346446678,0.27694291387570097
0.0,0.22750000000000004,-0.175,0.0,0.0,0,-0.005340707954019308,0.21266266703605652,0.07262119650840759,0.0,1.5688432455062866,-1.5779224634170532,1,0.001212133327499032,0.2851128876209259,0.04854382574558258,-1.961480393219972e-06,-2.4294708964589518e-06,0.9493576288223267,-0.029489208208562347,0.13822223104183273,1.4877042733014245,0.17779957417382866,0.16043275123327444,0.09708821346446678,0.27694291387570097
0.0,0.23000000000000004,-0.175,0.0,0.0,0,-0.004907283931970596,0.2150956094264984,0.07261668890714645,0.0,1.5688129663467407,-1.5778510570526123,1,0.0016486851964145899,0.2873143255710602,0.04854360967874527,-3.0669837087771157e-06,-8.07065316621447e-06,0.9405362010002136,-0.029489208208562347,0.13822223104183273,1.4877042733014245,0.17779957417382866,0.16043275123327444,0.09708821346446678,0.27694291387570097
0.0,0.23250000000000004,-0.175,0.0,0.0,0,-0.00447928998619318,0.21739841997623444,0.07261200994253159,0.0,1.5688129663467407,-1.5778027772903442,1,0.00207516155205667,0.2894110083580017,0.048543572425842285,-3.57721364707686e-06,-5.881195647816639e-06,0.932353138923645,-0.029489208208562347,0.13822223104183273,1.4877042733014245,0.17779957417382866,0.16043275123327444,0.09708821346446678,0.27694291387570097
0.0,0.23500000000000004,-0.175,0.0,0.0,0,-0.004038004204630852,0.2196974903345108,0.07260041683912277,0.0,1.5688432455062866,-1.5777684450149536,1,0.0025107450783252716,0.2915169596672058,0.04854407161474228,-8.34304046293255e-06,-2.5281337912019808e-06,0.9243635535240173,-0.029489208208562347,0.13822223104183273,1.4877042733014245,0.17779957417382866,0.16043275123327444,0.09708821346446678,0.27694291387570097
0.0,0.23750000000000004,-0.175,0.0,0.0,0,-0.003577535506337881,0.22209812700748444,0.07258137315511703,0.0,1.5688432455062866,-1.5777338743209839,1,0.002961814869195223,0.2937275469303131,0.04854411631822586,-9.25001222640276e-06,-2.0260772544133943e-06,0.9161738753318787,-0.029489208208562347,0.13822223104183273,1.4877042733014245,0.17779957417382866,0.16043275123327444,0.09708821346446678,0.27694291387570097
0.0,0.24,-0.175,0.0,0.0,0,-0.003357473760843277,0.22470656037330627,0.07255604863166809,0.0,1.5688432455062866,-1.5777188539505005,1,0.0031788479536771774,0.29629772901535034,0.04854292795062065,5.032093213230837e-06,1.0833764463313855e-06,0.9144263863563538,-0.029489208208562347,0.13822223104183273,1.4877042733014245,0.17779957417382866,0.16043275123327444,0.09708821346446678,0.27694291387570097
0.0,0.2425,-0.175,0.0,0.0,0,-0.0031501231715083122,0.22765791416168213,0.0725354254245758,0.0,1.5689693689346313,-1.5776814222335815,1,0.0033870823681354523,0.29923662543296814,0.04854368418455124,-1.2023156159557402e-07,3.636493829617393e-06,0.9139559864997864,-0.029489208208562347,0.13822223104183273,1.4877042733014245,0.17779957417382866,0.16043275123327444,0.09708821346446678,0.27694291387570097
0.0,0.245,-0.175,0.0,0.0,0,-0.0029506543651223183,0.2305138111114502,0.0725228488445282,0.0,1.5687830448150635,-1.5776606798171997,1,0.003586140926927328,0.3020862936973572,0.04854395240545273,-8.237358315454912e-07,-1.1770089258789085e-06,0.9136642813682556,-0.029489208208562347,0.13822223104183273,1.4877042733014245,0.17779957417382866,0.16043275123327444,0.09708821346446678,0.27694291387570097
0.0,0.2475,-0.175,0.0,0.0,0,-0.0027648741379380226,0.2331225723028183,0.07252073287963867,0.0,1.568905234336853,-1.5776206254959106,1,0.003771687624976039,0.304692804813385,0.04854387417435646,3.2485962719874806e-07,-2.2362644358508987e-07,0.913627564907074,-0.029489208208562347,0.13822223104183273,1.4877042733014245,0.17779957417382866,0.16043275123327444,0.09708821346446678,0.27694291387570097
0.0,0.25,-0.175,0.0,0.0,0,-0.002592167817056179,0.2355659008026123,0.07252049446105957,0.0,1.568905234336853,-1.5775941610336304,1,0.003944601863622665,0.3071356415748596,0.048543840646743774,-1.1004229918398778e-06,-1.9226401946070837e-06,0.9136247038841248,-0.029489208208562347,0.13822223104183273,1.4877042733014245,0.17779957417382866,0.16043275123327444,0.09708821346446678,0.27694291387570097
0.0,0.2525,-0.175,0.0,0.0,0,-0.002425077836960554,0.23796503245830536,0.07252037525177002,0.0,1.5688432455062866,-1.5775784254074097,1,0.0041113910265266895,0.3095342516899109,0.04854390397667885,-4.836238076677546e-07,-7.882971999606525e-07,0.9136311411857605,-0.029489208208562347,0.13822223104183273,1.4877042733014245,0.17779957417382866,0.16043275123327444,0.09708821346446678,0.27694291387570097
0.0,0.255,-0.175,0.0,0.0,0,-0.002260347595438361,0.24039161205291748,0.07251980900764465,0.0,1.5689693689346313,-1.5775326490402222,1,0.004276559688150883,0.3119598627090454,0.048543840646743774,-5.223972010526268e-08,3.892099869062804e-07,0.9136263728141785,-0.029489208208562347,0.13822223104183273,1.4877042733014245,0.17779957417382866,0.16043275123327444,0.09708821346446678,0.27694291387570097
0.0,0.2575,-0.175,0.0,0.0,0,-0.0020943814888596535,0.24286842346191406,0.07251981645822525,0.0,1.568905234336853,-1.577520728111267,1,0.004442359320819378,0.3144362270832062,0.04854384437203407,-3.5813883414448355e-07,-7.464378768418101e-07,0.913629949092865,-0.029489208208562347,0.13822223104183273,1.4877042733014245,0.17779957417382866,0.16043275123327444,0.09708821346446678,0.27694291387570097
0.0,0.26,-0.175,0.0,0.0,0,-0.0019284882582724094,0.2453719824552536,0.07251988351345062,0.0,1.568905234336853,-1.5775225162506104,1,0.004607735201716423,0.31694021821022034,0.048543885350227356,3.761953166758758e-07,-1.8426603674015496e-06,0.9136426448822021,-0.029489208208562347,0.13822223104183273,1.4877042733014245,0.17779957417382866,0.16043275123327444,0.09708821346446678,0.27694291387570097
0.0,0.2625,-0.175,0.0,0.0,0,-0.0017675774870440364,0.24787506461143494,0.07251953333616257,0.0,1.568905234336853,-1.5774987936019897,1,0.004769418388605118,0.3194429278373718,0.04854389280080795,-7.122179681573471e-07,-1.0334797195810097e-07,0.9136353731155396,-0.029489208208562347,0.13822223104183273,1.4877042733014245,0.17779957417382866,0.16043275123327444,0.09708821346446678,0.27694291387570097
0.0,0.265,-0.175,0.0,0.0,0,-0.0016088989796116948,0.25037625432014465,0.07251930236816406,0.0,1.5688432455062866,-1.5774754285812378,1,0.0049280584789812565,0.3219432234764099,0.04854384809732437,-1.0320757155568572e-06,-1.2601815342350164e-06,0.9136388897895813,-0.029489208208562347,0.13822223104183273,1.4877042733014245,0.17779957417382866,0.16043275123327444,0.09708821346446678,0.27694291387570097
0.0,0.2675,-0.175,0.0,0.0,0,-0.0014527260791510344,0.2528679668903351,0.07251889258623123,0.0,1.5688432455062866,-1.577444076538086,1,0.0050844489596784115,0.3244342803955078,0.04854389280080795,3.614179036048881e-07,-1.924595835589571e-06,0.9136364459991455,-0.029489208208562347,0.13822223104183273,1.4877042733014245,0.17779957417382866,0.16043275123327444,0.09708821346446678,0.27694291387570097
0.0,0.27,-0.175,0.0,0.0,0,-0.0012979969615116715,0.25535979866981506,0.07251901179552078,0.0,1.5687830448150635,-1.5774543285369873,1,0.00523878401145339,0.3269265294075012,0.04854390025138855,3.713831233653764e-07,-1.2401711728671216e-06,0.9136439561843872,-0.029489208208562347,0.13822223104183273,1.4877042733014245,0.17779957417382866,0.16043275123327444,0.09708821346446678,0.27694291387570097
0.0,0.2725,-0.175,0.0,0.0,0,-0.001145896501839161,0.2578425109386444,0.07251866161823273,0.0,1.5688432455062866,-1.577423334121704,1,0.0053909472189843655,0.3294084966182709,0.04854375869035721,-1.9057283680012915e-06,-2.317184225830715e-06,0.9136483073234558,-0.029489208208562347,0.13822223104183273,1.4877042733014245,0.17779957417382866,0.16043275123327444,0.09708821346446678,0.27694291387570097
0.0,0.275,-0.175,0.0,0.0,0,-0.0009932465618476272,0.26033398509025574,0.07251857221126556,0.0,1.568905234336853,-1.5774145126342773,1,0.005544169805943966,0.33189982175827026,0.04854385927319527,-1.8023825987256714e-07,-1.831481540648383e-06,0.9136407971382141,-0.029489208208562347,0.13822223104183273,1.4877042733014245,0.17779957417382866,0.16043275123327444,0.09708821346446678,0.27694291387570097
0.0,0.2775,-0.175,0.0,0.0,0,-0.0008403026731684804,0.26282522082328796,0.0725182518362999,0.0,1.568905234336853,-1.577393889427185,1,0.005696761421859264,0.3343905210494995,0.04854376241564751,-2.4705288979021134e-06,-2.3809332105884096e-06,0.913648247718811,-0.029489208208562347,0.13822223104183273,1.4877042733014245,0.17779957417382866,0.16043275123327444,0.09708821346446678,0.27694291387570097
0.0,0.28,-0.175,0.0,0.0,0,-0.0006903082248754799,0.26531827449798584,0.07251839339733124,0.0,1.568905234336853,-1.5773981809616089,1,0.005847063381224871,0.33688363432884216,0.04854382947087288,-4.3679500549842487e-07,-1.8749973378362483e-06,0.913649320602417,-0.029489208208562347,0.13822223104183273,1.4877042733014245,0.17779957417382866,0.16043275123327444,0.09708821346446678,0.27694291387570097
0.0,0.28250000000000003,-0.175,0.0,0.0,0,-0.0005422662361524999,0.2678094506263733,0.07251805812120438,0.0,1.568905234336853,-1.5773640871047974,1,0.0059946561232209206,0.33937421441078186,0.048543792217969894,-1.3489416232914664e-06,-3.095067995673162e-06,0.9136591553688049,-0.029489208208562347,0.13822223104183273,1.4877042733014245,0.17779957417382866,0.16043275123327444,0.09708821346446678,0.27694291387570097
0.0,0.28500000000000003,-0.175,0.0,0.0,0,-0.00039322752854786813,0.27030375599861145,0.07251746207475662,0.0,1.5688432455062866,-1.5773192644119263,1,0.006143554113805294,0.34186747670173645,0.048543915152549744,1.297398739552591e-07,-3.4266229249624303e-06,0.9136626124382019,-0.029489208208562347,0.13822223104183273,1.4877042733014245,0.17779957417382866,0.16043275123327444,0.09708821346446678,0.27694291387570097
0.0,0.28750000000000003,-0.175,0.0,0.0,0,-0.000242221329244785,0.27279844880104065,0.0725170150399208,0.0,1.5688740015029907,-1.5772842168807983,1,0.006294754333794117,0.3443613052368164,0.04854391887784004,-6.20675223217404e-07,-4.182248176221037e-06,0.913663387298584,-0.029489208208562347,0.13822223104183273,1.4877042733014245,0.17779957417382866,0.16043275123327444,0.09708821346446678,0.27694291387570097
0.0,0.29000000000000004,-0.175,0.0,0.0,0,-8.871138561517e-05,0.27529191970825195,0.07251729816198349,0.0,1.5688432455062866,-1.5772897005081177,1,0.0064483387395739555,0.3468550443649292,0.04854389280080795,-6.721940053466824e-07,-3.5337968711246504e-06,0.9136667251586914,-0.029489208208562347,0.13822223104183273,1.4877042733014245,0.17779957417382866,0.16043275123327444,0.09708821346446678,0.27694291387570097
0.0,0.29250000000000004,-0.175,0.0,0.0,0,6.335110811050981e-05,0.2777784466743469,0.0725167989730835,0.0,1.568905234336853,-1.5772546529769897,1,0.006600490305572748,0.3493405282497406,0.04854395613074303,-4.175581125309691e-07,-2.85698820334801e-06,0.9136657118797302,-0.029489208208562347,0.13822223104183273,1.4877042733014245,0.17779957417382866,0.16043275123327444,0.09708821346446678,0.27694291387570097
0.0,0.29500000000000004,-0.175,0.0,0.0,0,0.00021018041297793388,0.2802720367908478,0.072516530752182,0.0,1.5688129663467407,-1.5772489309310913,1,0.006747695617377758,0.3518342077732086,0.048543866723775864,-3.6135929804004263e-07,-1.3338326425582636e-06,0.9136626124382019,-0.029489208208562347,0.13822223104183273,1.4877042733014245,0.17779957417382866,0.16043275123327444,0.09708821346446678,0.27694291387570097
0.0,0.29750000000000004,-0.175,0.0,0.0,0,0.000352724950062111,0.2827671468257904,0.07251638919115067,0.0,1.5688740015029907,-1.5772408246994019,1,0.006890622433274984,0.354328989982605,0.04854381084442139,-1.404402041771391e-06,-1.012490997709392e-06,0.9136578440666199,-0.029489208208562347,0.13822223104183273,1.4877042733014245,0.17779957417382866,0.16043275123327444,0.09708821346446678,0.27694291387570097
0.0,0.30000000000000004,-0.175,0.0,0.0,0,0.0004924737731926143,0.2852630019187927,0.0725163146853447,0.0,1.5688740015029907,-1.5772310495376587,1,0.007030275650322437,0.3568243682384491,0.048543818295001984,-5.448741262625845e-07,-2.4255436983366963e-06,0.9136626124382019,-0.029489208208562347,0.13822223104183273,1.4877042733014245,0.17779957417382866,0.16043275123327444,0.09708821346446678,0.27694291387570097
0.0,0.3025,-0.175,0.0,0.0,0,0.0006296993815340102,0.2877584993839264,0.07251620292663574,0.0,1.5688129663467407,-1.577215552330017,1,0.007167021743953228,0.35931986570358276,0.048543818295001984,-7.108889121809625e-07,-3.11463509206078e-06,0.913673460483551,-0.029489208208562347,0.13822223104183273,1.4877042733014245,0.17779957417382866,0.16043275123327444,0.09708821346446678,0.27694291387570097
0.0,0.305,-0.175,0.0,0.0,0,0.0007594172493554652,0.29025545716285706,0.07251617312431335,0.0,1.5688740015029907,-1.5772095918655396,1,0.007297343574464321,0.3618166446685791,0.04854394495487213,-5.802668283649837e-07,-3.354830369062256e-06,0.9136717319488525,-0.029489208208562347,0.13822223104183273,1.4877042733014245,0.17779957417382866,0.16043275123327444,0.09708821346446678,0.27694291387570097
0.0,0.3075,-0.175,0.0,0.0,0,0.0008813687018118799,0.2927524447441101,0.07251568138599396,0.0,1.5688432455062866,-1.5771681070327759,1,0.007419188506901264,0.3643127977848053,0.04854389652609825,-7.933322194730863e-07,-3.871337412419962e-06,0.9136735796928406,-0.029489208208562347,0.13822223104183273,1.4877042733014245,0.17779957417382866,0.16043275123327444,0.09708821346446678,0.27694291387570097
0.0,0.31,-0.175,0.0,0.0,0,0.0010017516324296594,0.2952553927898407,0.07251569628715515,0.0,1.5687830448150635,-1.5771678686141968,1,0.0075387791730463505,0.3668159246444702,0.04854394122958183,-5.036110906075919e-07,-7.347468454099726e-06,0.9136914014816284,-0.029489208208562347,0.13822223104183273,1.4877042733014245,0.17779957417382866,0.16043275123327444,0.09708821346446678,0.27694291387570097
0.0,0.3125,-0.175,0.0,0.0,0,0.0011214783880859613,0.2977510392665863,0.07251524925231934,0.0,1.5688432455062866,-1.577126145362854,1,0.007658825721591711,0.3693104684352875,0.04854396730661392,-4.5294768824533094e-07,-7.177615771070123e-06,0.9136909246444702,-0.029489208208562347,0.13822223104183273,1.4877042733014245,0.17779957417382866,0.16043275123327444,0.09708821346446678,0.27694291387570097
0.0,0.315,-0.175,0.0,0.0,0,0.0012393416836857796,0.3002500832080841,0.07251520454883575,0.0,1.5687830448150635,-1.577133297920227,1,0.007777397986501455,0.37180981040000916,0.04854390770196915,-4.78589527119766e-07,-4.014113073935732e-06,0.9136814475059509,-0.029489208208562347,0.13822223104183273,1.4877042733014245,0.17779957417382866,0.16043275123327444,0.09708821346446678,0.27694291387570097
0.0,0.3175,-0.175,0.0,0.0,0,0.0013540679356083274,0.30274492502212524,0.07251492887735367,0.0,1.568905234336853,-1.5771183967590332,1,0.007891909219324589,0.3743041455745697,0.04854392632842064,-9.154748568107607e-07,-5.3914409363642335e-06,0.9136887788772583,-0.029489208208562347,0.13822223104183273,1.4877042733014245,0.17779957417382866,0.16043275123327444,0.09708821346446678,0.27694291387570097
0.0,0.32,-0.175,0.0,0.0,0,0.0014611610677093267,0.30524054169654846,0.07251490652561188,0.0,1.5688432455062866,-1.5771092176437378,1,0.00799913052469492,0.3767998218536377,0.048543963581323624,-8.990400601760484e-08,-3.6315307170298183e-06,0.9136916995048523,-0.029489208208562347,0.13822223104183273,1.4877042733014245,0.17779957417382866,0.16043275123327444,0.09708821346446678,0.27694291387570097
0.0,0.3225,-0.175,0.0,0.0,0,0.001564603066071868,0.30774229764938354,0.07251507043838501,0.0,1.568937063217163,-1.5771125555038452,1,0.008102024905383587,0.37930160760879517,0.048543911427259445,-4.5387491809378844e-07,-5.974183295620605e-06,0.9137001037597656,-0.029489208208562347,0.13822223104183273,1.4877042733014245,0.17779957417382866,0.16043275123327444,0.09708821346446678,0.27694291387570097
