0.026086289435625076,0.09550198912620544,-0.015398336981272687,0.0,0.0,0,0.026092881336808205,0.0955023244023323,0.2830978035926819,0.0,1.5700242519378662,-0.00089479103917256,1,0.026086289435625076,0.09550198912620544,0.0423007532954216,3.4454701314245995e-09,3.576668294869023e-09,1.9374185800552368,0.02608628844225204,0.09550199101863316,1.9374183349331457,0.05834256193938253,0.08544878349824447,0.08460166301872729,0.04217647505020278,0.14843680709600449
0.026086289435625076,0.09550198912620544,-0.017898336981272685,0.0,0.0,0,0.026090502738952637,0.09550225734710693,0.28116101026535034,0.0,1.5698198080062866,-0.0008942721760831773,1,0.026086289435625076,0.09550198912620544,0.0423007532954216,4.531448549727202e-09,3.1524285404316288e-09,1.9374185800552368,0.02608628844225204,0.09550199101863316,1.9374183349331457,0.05834256193938253,0.08544878349824447,0.08460166301872729,0.04217647505020278,0.14841370284557343
0.026086289435625076,0.09550198912620544,-0.020398336981272688,0.0,0.0,0,0.026090316474437714,0.09550224244594574,0.2780468761920929,0.0,1.5698198080062866,-0.0008931455085985363,1,0.026086289435625076,0.09550198912620544,0.0423007532954216,5.902558886106135e-09,4.135717546205342e-09,1.9374185800552368,0.02608628844225204,0.09550199101863316,1.9374183349331457,0.05834256193938253,0.08544878349824447,0.08460166301872729,0.04217647505020278,0.14836236089468002
0.026086289435625076,0.09550198912620544,-0.022898336981272686,0.0,0.0,0,0.026091456413269043,0.09550226479768753,0.2752726078033447,0.0,1.5700242519378662,-0.0008922697161324322,1,0.026086289435625076,0.09550198912620544,0.0423007532954216,4.901382855138081e-09,3.880996413130333e-09,1.9374185800552368,0.02608628844225204,0.09550199101863316,1.9374183349331457,0.05834256193938253,0.08544878349824447,0.08460166301872729,0.04217647505020278,0.14832251518964767
0.026086289435625076,0.09550198912620544,-0.02539833698127269,0.0,0.0,0,0.026092348620295525,0.0955023393034935,0.27275052666664124,0.0,1.5700242519378662,-0.0008914232603274286,1,0.026086289435625076,0.09550198912620544,0.0423007532954216,5.155544435808679e-09,3.273122217706259e-09,1.9374185800552368,0.02608628844225204,0.09550199101863316,1.9374183349331457,0.05834256193938253,0.08544878349824447,0.08460166301872729,0.04217647505020278,0.14825420081615448
0.026086289435625076,0.09550198912620544,-0.027898336981272687,0.0,0.0,0,0.026090877130627632,0.09550242125988007,0.270278662443161,0.0,1.5700242519378662,-0.0008907999726943672,1,0.026086289435625076,0.09550198912620544,0.0423007532954216,4.4321715186868005e-09,2.4706632295590225e-09,1.9374185800552368,0.02608628844225204,0.09550199101863316,1.9374183349331457,0.05834256193938253,0.08544878349824447,0.08460166301872729,0.04217647505020278,0.14824461936950684
0.026086289435625076,0.09550198912620544,-0.030398336981272686,0.0,0.0,0,0.02609154023230076,0.09550229460000992,0.26779019832611084,0.0,1.5700242519378662,-0.0008898238302208483,1,0.026086289435625076,0.09550198912620544,0.0423007532954216,5.7398761299509715e-09,1.5661143493161944e-09,1.9374185800552368,0.02608628844225204,0.09550199101863316,1.9374183349331457,0.05834256193938253,0.08544878349824447,0.08460166301872729,0.04217647505020278,0.14824184775352478
0.026086289435625076,0.09550198912620544,-0.03289833698127269,0.0,0.0,0,0.026091430336236954,0.09550219774246216,0.26529234647750854,0.0,1.5700242519378662,-0.0008889925084076822,1,0.026086289435625076,0.09550198912620544,0.0423007532954216,5.6159441541581145e-09,9.865437355927043e-10,1.9374185800552368,0.02608628844225204,0.09550199101863316,1.9374183349331457,0.05834256193938253,0.08544878349824447,0.08460166301872729,0.04217647505020278,0.14820516854524612
0.026086289435625076,0.09550198912620544,-0.03539833698127269,0.0,0.0,0,0.02609119936823845,0.0955023467540741,0.26279014348983765,0.0,1.570105791091919,-0.0008878487278707325,1,0.026086289435625076,0.09550198912620544,0.0423007532954216,4.71283723157967e-09,-1.2998335741087885e-10,1.9374185800552368,0.02608628844225204,0.09550199101863316,1.9374183349331457,0.05834256193938253,0.08544878349824447,0.08460166301872729,0.04217647505020278,0.1481347605586052
0.026086289435625076,0.09550198912620544,-0.037898336981272686,0.0,0.0,0,0.02609136886894703,0.09550230205059052,0.2602904140949249,0.0,1.570105791091919,-0.0008868794539012015,1,0.026086289435625076,0.09550198912620544,0.0423007532954216,3.6531773162096215e-09,2.9676705537440284e-10,1.9374185800552368,0.02608628844225204,0.09550199101863316,1.9374183349331457,0.05834256193938253,0.08544878349824447,0.08460166301872729,0.04217647505020278,0.14807571470737457
0.026086289435625076,0.09550198912620544,-0.04039833698127269,0.0,0.0,0,0.02609250880777836,0.0955023393034935,0.25779008865356445,0.0,1.570105791091919,-0.0008860258385539055,1,0.026086289435625076,0.09550198912620544,0.0423007532954216,2.835221613040062e-09,-4.682132459521426e-10,1.9374185800552368,0.02608628844225204,0.09550199101863316,1.9374183349331457,0.05834256193938253,0.08544878349824447,0.08460166301872729,0.04217647505020278,0.14804888516664505
0.026086289435625076,0.09550198912620544,-0.04289833698127268,0.0,0.0,0,0.026090743020176888,0.09550244361162186,0.25529006123542786,0.0,1.570105791091919,-0.0008852118044160306,1,0.026086289435625076,0.09550198912620544,0.0423007532954216,3.141427562525223e-09,3.242384138957277e-10,1.9374185800552368,0.02608628844225204,0.09550199101863316,1.9374183349331457,0.05834256193938253,0.08544878349824447,0.08460166301872729,0.04217647505020278,0.1480739489197731
0.026086289435625076,0.09550198912620544,-0.045398336981272686,0.0,0.0,0,0.026091599836945534,0.09550231695175171,0.25279000401496887,0.0,1.570105791091919,-0.0008842006209306419,1,0.026086289435625076,0.09550198912620544,0.0423007532954216,2.798109965951312e-09,-1.916669045698427e-10,1.9374185800552368,0.02608628844225204,0.09550199101863316,1.9374183349331457,0.05834256193938253,0.08544878349824447,0.08460166301872729,0.04217647505020278,0.14807239174842834
0.026086289435625076,0.09550198912620544,-0.04789833698127269,0.0,0.0,0,0.026092467829585075,0.09550239145755768,0.2502903640270233,0.0,1.570105791091919,-0.000883791537489742,1,0.026086289435625076,0.09550198912620544,0.0423007532954216,2.735476289927874e-09,2.9538527179795437e-10,1.9374185800552368,0.02608628844225204,0.09550199101863316,1.9374183349331457,0.05834256193938253,0.08544878349824447,0.08460166301872729,0.04217647505020278,0.14807569235563278
0.026086289435625076,0.09550198912620544,-0.05039833698127269,0.0,0.0,0,0.0260909516364336,0.0955023244023323,0.24778969585895538,0.0,1.570105791091919,-0.0008830536971800029,1,0.026086289435625076,0.09550198912620544,0.0423007532954216,3.5289584587872014e-09,7.816227665102815e-10,1.9374185800552368,0.02608628844225204,0.09550199101863316,1.9374183349331457,0.05834256193938253,0.08544878349824447,0.08460166301872729,0.04217647505020278,0.14805425703525543
0.026086289435625076,0.09550198912620544,-0.052898336981272685,0.0,0.0,0,0.026090558618307114,0.09550229460000992,0.24529071152210236,0.0,1.570105791091919,-0.0008818651549518108,1,0.026086289435625076,0.09550198912620544,0.0423007532954216,1.857346276779026e-09,1.158466877981823e-09,1.9374185800552368,0.02608628844225204,0.09550199101863316,1.9374183349331457,0.05834256193938253,0.08544878349824447,0.08460166301872729,0.04217647505020278,0.1479831114411354
0.026086289435625076,0.09550198912620544,-0.05539833698127269,0.0,0.0,0,0.026090875267982483,0.09550239890813828,0.2427922636270523,0.0,1.570105791091919,-0.00088110426440835,1,0.026086289435625076,0.09550198912620544,0.0423007532954216,1.8423909065035105e-09,1.5955718968285737e-09,1.9374185800552368,0.02608628844225204,0.09550199101863316,1.9374183349331457,0.05834256193938253,0.08544878349824447,0.08460166301872729,0.04217647505020278,0.1479508876800537
0.026086289435625076,0.09550198912620544,-0.05789833698127269,0.0,0.0,0,0.026092950254678726,0.09550245106220245,0.2402888536453247,0.0,1.570105791091919,-0.0008806496625766158,1,0.026086289435625076,0.09550198912620544,0.0423007532954216,6.459982548889798e-10,1.6697913052254876e-09,1.9374185800552368,0.02608628844225204,0.09550199101863316,1.9374183349331457,0.05834256193938253,0.08544878349824447,0.08460166301872729,0.04217647505020278,0.1478964239358902
0.026086289435625076,0.09550198912620544,-0.060398336981272685,0.0,0.0,0,0.026091720908880234,0.09550222754478455,0.2377903163433075,0.0,1.570105791091919,-0.0008799623465165496,1,0.026086289435625076,0.09550198912620544,0.0423007532954216,7.709643479181238e-10,2.1551007645115305e-09,1.9374185800552368,0.02608628844225204,0.09550199101863316,1.9374183349331457,0.05834256193938253,0.08544878349824447,0.08460166301872729,0.04217647505020278,0.14786366373300552
0.026086289435625076,0.09550198912620544,-0.06289833698127269,0.0,0.0,0,0.02609158679842949,0.09550236910581589,0.23529142141342163,0.0,1.570105791091919,-0.0008790616411715746,1,0.026086289435625076,0.09550198912620544,0.0423007532954216,7.988849581863633e-10,2.572649204779509e-09,1.9374185800552368,0.02608628844225204,0.09550199101863316,1.9374183349331457,0.05834256193938253,0.08544878349824447,0.08460166301872729,0.04217647505020278,0.14782345294952393
0.026086289435625076,0.09550198912620544,-0.06539833698127269,0.0,0.0,0,0.02608998864889145,0.09550237655639648,0.23278982937335968,0.0,1.5701982975006104,-0.0008784764213487506,1,0.026086289435625076,0.09550198912620544,0.0423007532954216,6.944805841513357e-10,3.4190188458183e-09,1.9374185800552368,0.02608628844225204,0.09550199101863316,1.9374183349331457,0.05834256193938253,0.08544878349824447,0.08460166301872729,0.04217647505020278,0.14780346304178238
0.026086289435625076,0.09550198912620544,-0.06789833698127268,0.0,0.0,0,0.026092320680618286,0.09550227224826813,0.23029057681560516,0.0,1.5701982975006104,-0.0008764340891502798,1,0.026086289435625076,0.09550198912620544,0.0423007532954216,-9.260211486505909e-10,3.736302822687776e-09,1.9374185800552368,0.02608628844225204,0.09550199101863316,1.9374183349331457,0.05834256193938253,0.08544878349824447,0.08460166301872729,0.04217647505020278,0.14773864299058914
0.026086289435625076,0.09550198912620544,-0.07039833698127268,0.0,0.0,0,0.02609049715101719,0.09550241380929947,0.22779056429862976,0.0,1.5701982975006104,-0.0008756699971854687,1,0.026086289435625076,0.09550198912620544,0.0423007532954216,-9.023867209023706e-10,2.930322651195638e-09,1.9374185800552368,0.02608628844225204,0.09550199101863316,1.9374183349331457,0.05834256193938253,0.08544878349824447,0.08460166301872729,0.04217647505020278,0.14769259095191956
0.026086289435625076,0.09550198912620544,-0.07289833698127268,0.0,0.0,0,0.02609332650899887,0.09550229460000992,0.22528788447380066,0.0,1.5701982975006104,-0.000875108118634671,1,0.026086289435625076,0.09550198912620544,0.0423007532954216,4.254998575703439e-10,4.037557399527714e-09,1.9374185800552368,0.02608628844225204,0.09550199101863316,1.9374183349331457,0.05834256193938253,0.08544878349824447,0.08460166301872729,0.04217647505020278,0.14768019318580627
0.026086289435625076,0.09550198912620544,-0.07539833698127268,0.0,0.0,0,0.026092033833265305,0.09550253301858902,0.22278937697410583,0.0,1.5701982975006104,-0.0008742619538679719,1,0.026086289435625076,0.09550198912620544,0.0423007532954216,1.7006235308869577e-09,4.2915524467446176e-09,1.9374185800552368,0.02608628844225204,0.09550199101863316,1.9374183349331457,0.05834256193938253,0.08544878349824447,0.08460166301872729,0.04217647505020278,0.1476769894361496
0.026086289435625076,0.09550198912620544,-0.07789833698127269,0.0,0.0,0,0.026092160493135452,0.0955023542046547,0.2202901691198349,0.0,1.5701982975006104,-0.0008739113109186292,1,0.026086289435625076,0.09550198912620544,0.0423007532954216,1.0343059742012883e-09,5.311902917526368e-09,1.9374185800552368,0.02608628844225204,0.09550199101863316,1.9374183349331457,0.05834256193938253,0.08544878349824447,0.08460166301872729,0.04217647505020278,0.14765115827322006
0.026086289435625076,0.09550198912620544,-0.08039833698127269,0.0,0.0,0,0.026090923696756363,0.09550227224826813,0.21779023110866547,0.0,1.5707963705062866,-0.0008722898783162236,1,0.026086289435625076,0.09550198912620544,0.0423007532954216,1.7028400911556218e-10,4.146694987383626e-09,1.9374185800552368,0.02608628844225204,0.09550199101863316,1.9374183349331457,0.05834256193938253,0.08544878349824447,0.08460166301872729,0.04217647505020278,0.14758337289094925
0.026086289435625076,0.09550198912620544,-0.08289833698127269,0.0,0.0,0,0.02609235979616642,0.0955023393034935,0.21528950333595276,0.0,1.5701982975006104,-0.0008719847537577152,1,0.026086289435625076,0.09550198912620544,0.0423007532954216,1.7559731446681326e-10,4.060718872267444e-09,1.9374185800552368,0.02608628844225204,0.09550199101863316,1.9374183349331457,0.05834256193938253,0.08544878349824447,0.08460166301872729,0.04217647505020278,0.14753085374832153
0.026086289435625076,0.09550198912620544,-0.0853983369812727,0.0,0.0,0,0.026092447340488434,0.09550240635871887,0.2127905637025833,0.0,1.5707963705062866,-0.0008713103015907109,1,0.026086289435625076,0.09550198912620544,0.0423007532954216,4.729873159803333e-10,4.2653018894611705e-09,1.9374185800552368,0.02608628844225204,0.09550199101863316,1.9374183349331457,0.05834256193938253,0.08544878349824447,0.08460166301872729,0.04217647505020278,0.14748646318912506
0.026086289435625076,0.09550198912620544,-0.08789833698127268,0.0,0.0,0,0.02609180472791195,0.0955023542046547,0.21028833091259003,0.0,1.5701982975006104,-0.0008707817760296166,1,0.026086289435625076,0.09550198912620544,0.0423007532954216,-9.208700468832376e-11,4.2993777427113855e-09,1.9374185800552368,0.02608628844225204,0.09550199101863316,1.9374183349331457,0.05834256193938253,0.08544878349824447,0.08460166301872729,0.04217647505020278,0.14746105670928955
0.026086289435625076,0.09550198912620544,-0.09039833698127268,0.0,0.0,0,0.026092655956745148,0.0955023467540741,0.2077903002500534,0.0,1.5707963705062866,-0.0008698021993041039,1,0.026086289435625076,0.09550198912620544,0.0423007532954216,-9.61407398136771e-10,3.773990897570911e-09,1.9374185800552368,0.02608628844225204,0.09550199101863316,1.9374183349331457,0.05834256193938253,0.08544878349824447,0.08460166301872729,0.04217647505020278,0.14746294915676117
0.026086289435625076,0.09550198912620544,-0.09289833698127269,0.0,0.0,0,0.02609100565314293,0.09550239890813828,0.20529085397720337,0.0,1.5707963705062866,-0.0008691148250363767,1,0.026086289435625076,0.09550198912620544,0.0423007532954216,-1.619309797362689e-09,2.8636508719870335e-09,1.9374185800552368,0.02608628844225204,0.09550199101863316,1.9374183349331457,0.05834256193938253,0.08544878349824447,0.08460166301872729,0.04217647505020278,0.147410549223423
0.026086289435625076,0.09550198912620544,-0.09539833698127269,0.0,0.0,0,0.02609199658036232,0.09550250321626663,0.2027900367975235,0.0,1.5707963705062866,-0.0008687726221978664,1,0.026086289435625076,0.09550198912620544,0.0423007532954216,-6.480532777075609e-10,3.771105205885306e-09,1.9374185800552368,0.02608628844225204,0.09550199101863316,1.9374183349331457,0.05834256193938253,0.08544878349824447,0.08460166301872729,0.04217647505020278,0.14733489602804184
0.026086289435625076,0.09550198912620544,-0.09789833698127269,0.0,0.0,0,0.026092447340488434,0.09550243616104126,0.2002902328968048,0.0,1.5707963705062866,-0.0008677841397002339,1,0.026086289435625076,0.09550198912620544,0.0423007532954216,-1.0911789249945514e-09,3.537175441437057e-09,1.9374185800552368,0.02608628844225204,0.09550199101863316,1.9374183349331457,0.05834256193938253,0.08544878349824447,0.08460166301872729,0.04217647505020278,0.14725857973098755
0.026086289435625076,0.09550198912620544,-0.10039833698127269,0.0,0.0,0,0.026092665269970894,0.09550239890813828,0.19778990745544434,0.0,1.5707963705062866,-0.0008667147485539317,1,0.026086289435625076,0.09550198912620544,0.0423007532954216,-9.09806452398243e-10,4.236523132306047e-09,1.9374185800552368,0.02608628844225204,0.09550199101863316,1.9374183349331457,0.05834256193938253,0.08544878349824447,0.08460166301872729,0.04217647505020278,0.1471925973892212
0.026086289435625076,0.09550198912620544,-0.1028983369812727,0.0,0.0,0,0.026092059910297394,0.09550239145755768,0.1952897012233734,0.0,1.5707963705062866,-0.0008662395412102342,1,0.026086289435625076,0.09550198912620544,0.0423007532954216,4.234468331532071e-10,4.831915756398075e-09,1.9374185800552368,0.02608628844225204,0.09550199101863316,1.9374183349331457,0.05834256193938253,0.08544878349824447,0.08460166301872729,0.04217647505020278,0.1471647173166275
0.026086289435625076,0.09550198912620544,-0.10539833698127268,0.0,0.0,0,0.02609250321984291,0.09550239145755768,0.19278764724731445,0.0,1.5703080892562866,-0.0008648558286949992,1,0.026086289435625076,0.09550198912620544,0.0423007532954216,1.0073670786425737e-09,5.771757738415317e-09,1.9374185800552368,0.02608628844225204,0.09550199101863316,1.9374183349331457,0.05834256193938253,0.08544878349824447,0.08460166301872729,0.04217647505020278,0.14709999412298203
0.026086289435625076,0.09550198912620544,-0.10789833698127269,0.0,0.0,0,0.026091044768691063,0.09550248086452484,0.19029058516025543,0.0,1.5707963705062866,-0.0008642050670459867,1,0.026086289435625076,0.09550198912620544,0.0423007532954216,-7.924594314090427e-10,6.20562756736831e-09,1.9374185800552368,0.02608628844225204,0.09550199101863316,1.9374183349331457,0.05834256193938253,0.08544878349824447,0.08460166301872729,0.04217647505020278,0.14705513417720795
0.026086289435625076,0.09550198912620544,-0.11039833698127269,0.0,0.0,0,0.02609136328101158,0.09550246596336365,0.18778961896896362,0.0,1.5707963705062866,-0.000862915359903127,1,0.026086289435625076,0.09550198912620544,0.0423007532954216,-1.164467633429922e-09,5.724709595256172e-09,1.9374185800552368,0.02608628844225204,0.09550199101863316,1.9374183349331457,0.05834256193938253,0.08544878349824447,0.08460166301872729,0.04217647505020278,0.14699950069189072
0.026086289435625076,0.09550198912620544,-0.11289833698127269,0.0,0.0,0,0.026091042906045914,0.09550242871046066,0.18529030680656433,0.0,1.5707963705062866,-0.000861791952047497,1,0.026086289435625076,0.09550198912620544,0.0423007532954216,-1.0805170091998662e-09,6.722502998712798e-09,1.9374185800552368,0.02608628844225204,0.09550199101863316,1.9374183349331457,0.05834256193938253,0.08544878349824447,0.08460166301872729,0.04217647505020278,0.14697427302598953
0.026086289435625076,0.09550198912620544,-0.11539833698127269,0.0,0.0,0,0.026092588901519775,0.09550245106220245,0.1827896535396576,0.0,1.5707963705062866,-0.0008609662181697786,1,0.026086289435625076,0.09550198912620544,0.0423007532954216,-1.0826815000086754e-09,6.203904945323302e-09,1.9374185800552368,0.02608628844225204,0.09550199101863316,1.9374183349331457,0.05834256193938253,0.08544878349824447,0.08460166301872729,0.04217647505020278,0.14691542088985443
0.026086289435625076,0.09550198912620544,-0.1178983369812727,0.0,0.0,0,0.02609129436314106,0.09550244361162186,0.18029019236564636,0.0,1.5707963705062866,-0.0008601172012276947,1,0.026086289435625076,0.09550198912620544,0.0423007532954216,-7.780842636861962e-11,6.790651596588759e-09,1.9374185800552368,0.02608628844225204,0.09550199101863316,1.9374183349331457,0.05834256193938253,0.08544878349824447,0.08460166301872729,0.04217647505020278,0.14689365774393082
0.026086289435625076,0.09550198912620544,-0.12039833698127268,0.0,0.0,0,0.026092279702425003,0.09550237655639648,0.17778804898262024,0.0,1.5707963705062866,-0.0008591293008066714,1,0.026086289435625076,0.09550198912620544,0.0423007532954216,1.7749801628497153e-10,6.175582711875904e-09,1.9374185800552368,0.02608628844225204,0.09550199101863316,1.9374183349331457,0.05834256193938253,0.08544878349824447,0.08460166301872729,0.04217647505020278,0.14688072353601456
0.026086289435625076,0.09550198912620544,-0.12289833698127269,0.0,0.0,0,0.02609090507030487,0.09550240635871887,0.17529132962226868,0.0,1.5707963705062866,-0.0008579706191085279,1,0.026086289435625076,0.09550198912620544,0.0423007532954216,5.995137719594368e-11,6.044687417272598e-09,1.9374185800552368,0.02608628844225204,0.09550199101863316,1.9374183349331457,0.05834256193938253,0.08544878349824447,0.08460166301872729,0.04217647505020278,0.14683842658996582
0.026086289435625076,0.09550198912620544,-0.12539833698127267,0.0,0.0,0,0.026094065979123116,0.09550239145755768,0.17278914153575897,0.0,1.5707963705062866,-0.0008571363869123161,1,0.026086289435625076,0.09550198912620544,0.0423007532954216,-2.2978374758508835e-10,4.703664124861007e-09,1.9374185800552368,0.02608628844225204,0.09550199101863316,1.9374183349331457,0.05834256193938253,0.08544878349824447,0.08460166301872729,0.04217647505020278,0.14680945873260498
0.026086289435625076,0.09550198912620544,-0.12789833698127268,0.0,0.0,0,0.026091087609529495,0.09550243616104126,0.17029082775115967,0.0,1.5707963705062866,-0.0008558007539249957,1,0.026086289435625076,0.09550198912620544,0.0423007532954216,-5.433362648687989e-10,3.1646170128851736e-09,1.9374185800552368,0.02608628844225204,0.09550199101863316,1.9374183349331457,0.05834256193938253,0.08544878349824447,0.08460166301872729,0.04217647505020278,0.1467689797282219
0.026086289435625076,0.09550198912620544,-0.13039833698127268,0.0,0.0,0,0.02609163708984852,0.09550243616104126,0.1677900105714798,0.0,1.5707963705062866,-0.0008550665224902332,1,0.026086289435625076,0.09550198912620544,0.0423007532954216,-6.359712756420777e-11,3.081682020678045e-09,1.9374185800552368,0.02608628844225204,0.09550199101863316,1.9374183349331457,0.05834256193938253,0.08544878349824447,0.08460166301872729,0.04217647505020278,0.14674106985330582
0.026086289435625076,0.09550198912620544,-0.13289833698127268,0.0,0.0,0,0.026092978194355965,0.09550240635871887,0.16528818011283875,0.0,1.5707963705062866,-0.000854093988891691,1,0.026086289435625076,0.09550198912620544,0.0423007532954216,-2.6172741751651074e-10,3.467552023295184e-09,1.9374185800552368,0.02608628844225204,0.09550199101863316,1.9374183349331457,0.05834256193938253,0.08544878349824447,0.08460166301872729,0.04217647505020278,0.14670386165380478
0.026086289435625076,0.09550198912620544,-0.13539833698127268,0.0,0.0,0,0.026092898100614548,0.09550249576568604,0.1627906858921051,0.0,1.5707963705062866,-0.0008532967767678201,1,0.026086289435625076,0.09550198912620544,0.0423007532954216,8.727858435975122e-10,3.5519867047639764e-09,1.9374185800552368,0.02608628844225204,0.09550199101863316,1.9374183349331457,0.05834256193938253,0.08544878349824447,0.08460166301872729,0.04217647505020278,0.14668947458267212
0.026086289435625076,0.09550198912620544,-0.13789833698127268,0.0,0.0,0,0.02609112299978733,0.09550245851278305,0.16028937697410583,0.0,1.5707963705062866,-0.0008522444986738265,1,0.026086289435625076,0.09550198912620544,0.0423007532954216,8.54711745823522e-10,3.911080348473206e-09,1.9374185800552368,0.02608628844225204,0.09550199101863316,1.9374183349331457,0.05834256193938253,0.08544878349824447,0.08460166301872729,0.04217647505020278,0.14666198939085007
0.026086289435625076,0.09550198912620544,-0.1403983369812727,0.0,0.0,0,0.026092667132616043,0.09550241380929947,0.1577899307012558,0.0,1.5707963705062866,-0.0008508768514730036,1,0.026086289435625076,0.09550198912620544,0.0423007532954216,1.9331407585809757e-09,3.6653442503364886e-09,1.9374185800552368,0.02608628844225204,0.09550199101863316,1.9374183349331457,0.05834256193938253,0.08544878349824447,0.08460166301872729,0.04217647505020278,0.1466459482908249
0.026086289435625076,0.09550198912620544,-0.1428983369812727,0.0,0.0,0,0.026091260835528374,0.09550240635871887,0.15529021620750427,0.0,1.5707963705062866,-0.0008497880771756172,1,0.026086289435625076,0.09550198912620544,0.0423007532954216,2.017344069571436e-09,3.309499341241917e-09,1.9374185800552368,0.02608628844225204,0.09550199101863316,1.9374183349331457,0.05834256193938253,0.08544878349824447,0.08460166301872729,0.04217647505020278,0.1465955600142479
0.026086289435625076,0.09550198912620544,-0.1453983369812727,0.0,0.0,0,0.02609281986951828,0.09550246596336365,0.15278896689414978,0.0,1.5707963705062866,-0.0008490806794725358,1,0.026086289435625076,0.09550198912620544,0.0423007532954216,2.848079105888246e-09,3.9938621299029364e-09,1.9374185800552368,0.02608628844225204,0.09550199101863316,1.9374183349331457,0.05834256193938253,0.08544878349824447,0.08460166301872729,0.04217647505020278,0.14651990681886673
0.026086289435625076,0.09550198912620544,-0.1478983369812727,0.0,0.0,0,0.026091810315847397,0.09550242871046066,0.15028925240039825,0.0,1.5707963705062866,-0.0008476467919535935,1,0.026086289435625076,0.09550198912620544,0.0423007532954216,3.9935215134789814e-09,4.2372558795023e-09,1.9374185800552368,0.02608628844225204,0.09550199101863316,1.9374183349331457,0.05834256193938253,0.08544878349824447,0.08460166301872729,0.04217647505020278,0.14649756997823715
0.026086289435625076,0.09550198912620544,-0.1503983369812727,0.0,0.0,0,0.026092007756233215,0.09550248086452484,0.14779022336006165,0.0,1.5707963705062866,-0.0008472141926176846,1,0.026086289435625076,0.09550198912620544,0.0423007532954216,3.4250189351325844e-09,4.088465122009666e-09,1.9374185800552368,0.02608628844225204,0.09550199101863316,1.9374183349331457,0.05834256193938253,0.08544878349824447,0.08460166301872729,0.04217647505020278,0.14642876386642456
0.026086289435625076,0.09550198912620544,-0.1528983369812727,0.0,0.0,0,0.02609243616461754,0.09550245851278305,0.14529010653495789,0.0,1.5707963705062866,-0.0008455447969026864,1,0.026086289435625076,0.09550198912620544,0.0423007532954216,2.8810103192000724e-09,4.0531489275963395e-09,1.9374185800552368,0.02608628844225204,0.09550199101863316,1.9374183349331457,0.05834256193938253,0.08544878349824447,0.08460166301872729,0.04217647505020278,0.14640158414840698
0.026086289435625076,0.09550198912620544,-0.1553983369812727,0.0,0.0,0,0.026052266359329224,0.09550256282091141,0.14472587406635284,0.0,1.5707963705062866,-0.0008448215085081756,1,0.026086289435625076,0.09550198912620544,0.0423007532954216,2.393947262646634e-09,3.046527252692499e-09,1.9374185800552368,0.02608628844225204,0.09550199101863316,1.9374183349331457,0.05834256193938253,0.08544878349824447,0.08460166301872729,0.04217647505020278,0.1454220935702324
0.026086289435625076,0.09550198912620544,-0.1553983369812727,0.0,0.0,0,0.02609243430197239,0.09550242871046066,0.1453404426574707,0.0,1.5707963705062866,-0.000844292517285794,1,0.026086289435625076,0.09550198912620544,0.0423007532954216,1.4475464160668139e-09,2.1883259648802778e-09,1.9374185800552368,0.02608628844225204,0.09550199101863316,1.9374183349331457,0.05834256193938253,0.08544878349824447,0.08460166301872729,0.04217647505020278,0.14340335875749588
0.026086289435625076,0.09550198912620544,-0.1553983369812727,0.0,0.0,0,0.026112649589776993,0.09550241380929947,0.14561323821544647,0.0,1.5707963705062866,-0.0008429565350525081,1,0.026086289435625076,0.09550198912620544,0.0423007532954216,1.5724427315788603e-09,1.755394274383093e-09,1.9374185800552368,0.02608628844225204,0.09550199101863316,1.9374183349331457,0.05834256193938253,0.08544878349824447,0.08460166301872729,0.04217647505020278,0.14136293530464172
0.026086289435625076,0.09550198912620544,-0.1553983369812727,0.0,0.0,0,0.026102017611265182,0.09550249576568604,0.14563259482383728,0.0,1.5707963705062866,-0.000842427194584161,1,0.026086289435625076,0.09550198912620544,0.0423007532954216,1.4895072952825217e-09,2.100559948203795e-09,1.9374185800552368,0.02608628844225204,0.09550199101863316,1.9374183349331457,0.05834256193938253,0.08544878349824447,0.08460166301872729,0.04217647505020278,0.1392822191119194
0.026086289435625076,0.09550198912620544,-0.1553983369812727,0.0,0.0,0,0.02609342709183693,0.09550245851278305,0.14560700953006744,0.0,1.5707963705062866,-0.000841630098875612,1,0.026086289435625076,0.09550198912620544,0.0423007532954216,1.855058884281391e-10,1.6778399780648101e-09,1.9374185800552368,0.02608628844225204,0.09550199101863316,1.9374183349331457,0.05834256193938253,0.08544878349824447,0.08460166301872729,0.04217647505020278,0.13723387569189072
0.026086289435625076,0.09550198912620544,-0.1553983369812727,0.0,0.0,0,0.02609127201139927,0.09550249576568604,0.14559409022331238,0.0,1.5707963705062866,-0.0008402976091019809,1,0.026086289435625076,0.09550198912620544,0.0423007532954216,7.458159645423734e-10,2.0819028723195743e-09,1.9374185800552368,0.02608628844225204,0.09550199101863316,1.9374183349331457,0.05834256193938253,0.08544878349824447,0.08460166301872729,0.04217647505020278,0.1351647451519966
0.026086289435625076,0.09550198912620544,-0.1553983369812727,0.0,0.0,0,0.02609061263501644,0.09550256282091141,0.14559365808963776,0.0,1.5707963705062866,-0.0008394693722948432,1,0.026086289435625076,0.09550198912620544,0.0423007532954216,4.710883350078632e-10,2.0284685042781803e-09,1.9374185800552368,0.02608628844225204,0.09550199101863316,1.9374183349331457,0.05834256193938253,0.08544878349824447,0.08460166301872729,0.04217647505020278,0.13315537571907043
0.026086289435625076,0.09550198912620544,-0.1553983369812727,0.0,0.0,0,0.026091011241078377,0.09550242871046066,0.14559516310691833,0.0,1.5707963705062866,-0.0008381521911360323,1,0.026086289435625076,0.09550198912620544,0.0423007532954216,5.620369170067363e-10,2.3244521862864076e-09,1.9374185800552368,0.02608628844225204,0.09550199101863316,1.9374183349331457,0.05834256193938253,0.08544878349824447,0.08460166301872729,0.04217647505020278,0.1310967653989792
0.026086289435625076,0.09550198912620544,-0.1553983369812727,0.0,0.0,0,0.02609129063785076,0.09550254046916962,0.14559561014175415,0.0,1.5707963705062866,-0.0008372720330953598,1,0.026086289435625076,0.09550198912620544,0.0423007532954216,9.222546615283989e-10,2.467380078030601e-09,1.9374185800552368,0.02608628844225204,0.09550199101863316,1.9374183349331457,0.05834256193938253,0.08544878349824447,0.08460166301872729,0.04217647505020278,0.12903865054249763
0.026086289435625076,0.09550198912620544,-0.1553983369812727,0.0,0.0,0,0.026090875267982483,0.09550242125988007,0.1455945521593094,0.0,1.5707963705062866,-0.0008361796499229968,1,0.026086289435625076,0.09550198912620544,0.0423007532954216,7.759700659804025e-10,2.1103212510809044e-09,1.9374185800552368,0.02608628844225204,0.09550199101863316,1.9374183349331457,0.05834256193938253,0.08544878349824447,0.08460166301872729,0.04217647505020278,0.1270482800900936
0.026086289435625076,0.09550198912620544,-0.1553983369812727,0.0,0.0,0,0.02565794251859188,0.09546829015016556,0.1456984281539917,0.0,1.5707963705062866,-0.0008375122561119497,1,0.026026854291558266,0.09566964209079742,0.04224914684891701,0.0010097459889948368,0.0005675259162671864,1.9310170412063599,0.02608628844225204,0.09550199101863316,1.9374183349331457,0.05834256193938253,0.08544878349824447,0.08460166301872729,0.04217647505020278,0.12534835189580917
0.026086289435625076,0.09550198912620544,-0.1553983369812727,0.0,0.0,0,0.026248237118124962,0.09572908282279968,0.14573903381824493,0.0,1.570451021194458,-0.0008329075062647462,1,0.02630053088068962,0.0967649519443512,0.04238477721810341,0.006595751736313105,0.0012798880925402045,1.906771183013916,0.02608628844225204,0.09550199101863316,1.9374183349331457,0.05834256193938253,0.08544878349824447,0.08460166301872729,0.04217647505020278,0.12478024140000343
0.026086289435625076,0.09550198912620544,-0.1553983369812727,0.0,0.0,0,0.026766624301671982,0.09615526348352432,0.14651572704315186,0.0,1.5700242519378662,-0.0008372004376724362,1,0.02682279609143734,0.0973019003868103,0.04288425296545029,0.019391192123293877,0.006363412365317345,1.8840428590774536,0.02608628844225204,0.09550199101863316,1.9374183349331457,0.05834256193938253,0.08544878349824447,0.08460166301872729,0.04217647505020278,0.12338526174426079
0.026086289435625076,0.09550198912620544,-0.1553983369812727,0.0,0.0,0,0.026407618075609207,0.09515176713466644,0.14644472301006317,0.0,1.5700242519378662,-0.0008419582154601812,1,0.025909319519996643,0.09856456518173218,0.04233986884355545,-0.0012908793287351727,-0.0001703867455944419,1.85243558883667,0.02608628844225204,0.09550199101863316,1.9374183349331457,0.05834256193938253,0.08544878349824447,0.08460166301872729,0.04217647505020278,0.1212160512804985
0.026086289435625076,0.09550198912620544,-0.1553983369812727,0.0,0.0,0,0.02609902247786522,0.09411846846342087,0.14640244841575623,0.0,1.5700242519378662,-0.0008474306669086218,1,0.02531473897397518,0.09838901460170746,0.042373500764369965,-0.0029788059182465076,-0.0003024110337719321,1.8161778450012207,0.02608628844225204,0.09550199101863316,1.9374183349331457,0.05834256193938253,0.08544878349824447,0.08460166301872729,0.04217647505020278,0.11945043504238129
0.026086289435625076,0.09550198912620544,-0.1553983369812727,0.0,0.0,0,0.02530365064740181,0.09430068731307983,0.14625658094882965,0.0,1.5700242519378662,-0.0008462603436782956,1,0.02520759031176567,0.0970606878399849,0.042295582592487335,-0.0001828873937483877,-4.173509660176933e-05,1.7771795988082886,0.02608628844225204,0.09550199101863316,1.9374183349331457,0.05834256193938253,0.08544878349824447,0.08460166301872729,0.04217647505020278,0.1174284853041172
0.026086289435625076,0.09550198912620544,-0.1553983369812727,0.0,0.0,0,0.02468196488916874,0.09459645301103592,0.14630798995494843,0.0,1.5700242519378662,-0.0008471608744002879,1,0.02508833073079586,0.09523208439350128,0.04229891672730446,0.00010366830974817276,7.859124161768705e-05,1.7298238277435303,0.02608628844225204,0.09550199101863316,1.9374183349331457,0.05834256193938253,0.08544878349824447,0.08460166301872729,0.04217647505020278,0.11544901132583618
0.026086289435625076,0.09550198912620544,-0.1553983369812727,0.0,0.0,0,0.024558870121836662,0.09491907060146332,0.14629504084587097,0.0,1.5700242519378662,-0.0008422493701800704,1,0.025233963504433632,0.09329325705766678,0.042289089411497116,0.0002816768828779459,-3.5054050385951996e-05,1.6767184734344482,0.02608628844225204,0.09550199101863316,1.9374183349331457,0.05834256193938253,0.08544878349824447,0.08460166301872729,0.04217647505020278,0.11351660639047623
0.026086289435625076,0.09550198912620544,-0.1553983369812727,0.0,0.0,0,0.02446228638291359,0.09477609395980835,0.14629603922367096,0.0,1.5700242519378662,-0.0008427631109952927,1,0.02511473558843136,0.09075798094272614,0.04230286553502083,-6.389890040736645e-05,6.512918480439112e-05,1.6165131330490112,0.02608628844225204,0.09550199101863316,1.9374183349331457,0.05834256193938253,0.08544878349824447,0.08460166301872729,0.04217647505020278,0.11164161190390587
0.026086289435625076,0.09550198912620544,-0.1553983369812727,0.0,0.0,0,0.024865606799721718,0.09479150176048279,0.14630885422229767,0.0,1.5700242519378662,-0.0008381754742003977,1,0.025156721472740173,0.08963017165660858,0.042291976511478424,0.00047171363257803023,0.00018510472727939487,1.5657401084899902,0.02608628844225204,0.09550199101863316,1.9374183349331457,0.05834256193938253,0.08544878349824447,0.08460166301872729,0.04217647505020278,0.11024202406406403
0.026086289435625076,0.09550198912620544,-0.1553983369812727,0.0,0.0,0,0.025196028873324394,0.09517572075128555,0.14622236788272858,0.0,1.5699505805969238,-0.0008368720882572234,1,0.024986742064356804,0.0897480919957161,0.04236813634634018,0.00020412147569004446,0.00155812653247267,1.5681885480880737,0.02608628844225204,0.09550199101863316,1.9374183349331457,0.05834256193938253,0.08544878349824447,0.08460166301872729,0.04217647505020278,0.11011781916022301
0.026086289435625076,0.09550198912620544,-0.1553983369812727,0.0,0.0,0,0.02550799399614334,0.09560027718544006,0.1462266743183136,0.0,1.5696512460708618,-0.0008189380750991404,1,0.0252409465610981,0.09013674408197403,0.04235623776912689,4.2044761357828975e-05,0.0011697098379954696,1.568353533744812,0.02608628844225204,0.09550199101863316,1.9374183349331457,0.05834256193938253,0.08544878349824447,0.08460166301872729,0.04217647505020278,0.11016596108675003
0.026086289435625076,0.09550198912620544,-0.1553983369812727,0.0,0.0,0,0.02550799399614334,0.09560027718544006,0.1462266743183136,0.0,1.5696512460708618,-0.0008189380750991404,1,0.0252409465610981,0.09013674408197403,0.04235623776912689,4.2044761357828975e-05,0.0011697098379954696,1.568353533744812,0.02608628844225204,0.09550199101863316,1.9374183349331457,0.05834256193938253,0.08544878349824447,0.08460166301872729,0.04217647505020278,0.11016596108675003
0.026086289435625076,0.09550198912620544,-0.1528983369812727,0.0,0.0,0,0.025705991312861443,0.09555750340223312,0.1466345489025116,0.0,1.5696512460708618,-0.0008114181691780686,1,0.02521374449133873,0.09003069996833801,0.04302113875746727,-3.839659984805621e-05,0.0012722669634968042,1.5677719116210938,0.02608628844225204,0.09550199101863316,1.9374183349331457,0.05834256193938253,0.08544878349824447,0.08460166301872729,0.04217647505020278,0.11000699922442436
0.026086289435625076,0.09550198912620544,-0.1528983369812727,0.0,0.0,0,0.025705991312861443,0.09555750340223312,0.1466345489025116,0.0,1.5696512460708618,-0.0008114181691780686,1,0.02521374449133873,0.09003069996833801,0.04302113875746727,-3.839659984805621e-05,0.0012722669634968042,1.5677719116210938,0.02608628844225204,0.09550199101863316,1.9374183349331457,0.05834256193938253,0.08544878349824447,0.08460166301872729,0.04217647505020278,0.11000699922442436
0.026086289435625076,0.09550198912620544,-0.1503983369812727,0.0,0.0,0,0.025799866765737534,0.09552983939647675,0.14591673016548157,0.0,1.5696512460708618,-0.0008122366270981729,1,0.025287847965955734,0.0899755209684372,0.042306262999773026,-5.9138095821253955e-05,0.0011834569741040468,1.5688679218292236,0.02608628844225204,0.09550199101863316,1.9374183349331457,0.05834256193938253,0.08544878349824447,0.08460166301872729,0.04217647505020278,0.1099763959646225
0.026086289435625076,0.09550198912620544,-0.1503983369812727,0.0,0.0,0,0.025799866765737534,0.09552983939647675,0.14591673016548157,0.0,1.5696512460708618,-0.0008122366270981729,1,0.025287847965955734,0.0899755209684372,0.042306262999773026,-5.9138095821253955e-05,0.0011834569741040468,1.5688679218292236,0.02608628844225204,0.09550199101863316,1.9374183349331457,0.05834256193938253,0.08544878349824447,0.08460166301872729,0.04217647505020278,0.1099763959646225
0.026086289435625076,0.09550198912620544,-0.1478983369812727,0.0,0.0,0,0.026084959506988525,0.09549644589424133,0.14746709167957306,0.0,1.5696512460708618,-0.0008078214596025646,1,0.025645140558481216,0.08999016880989075,0.043862998485565186,0.0006748063024133444,0.0013464555377140641,1.5684823989868164,0.02608628844225204,0.09550199101863316,1.9374183349331457,0.05834256193938253,0.08544878349824447,0.08460166301872729,0.04217647505020278,0.11003649979829788
0.026086289435625076,0.09550198912620544,-0.1478983369812727,0.0,0.0,0,0.026084959506988525,0.09549644589424133,0.14746709167957306,0.0,1.5696512460708618,-0.0008078214596025646,1,0.025645140558481216,0.08999016880989075,0.043862998485565186,0.0006748063024133444,0.0013464555377140641,1.5684823989868164,0.02608628844225204,0.09550199101863316,1.9374183349331457,0.05834256193938253,0.08544878349824447,0.08460166301872729,0.04217647505020278,0.11003649979829788
0.026086289435625076,0.09550198912620544,-0.1453983369812727,0.0,0.0,0,0.02612263709306717,0.09550473093986511,0.1476004421710968,0.0,1.5696512460708618,-0.0008094090153463185,1,0.025610685348510742,0.08997520804405212,0.04396390914916992,0.0011269310489296913,0.0015409821644425392,1.5695431232452393,0.02608628844225204,0.09550199101863316,1.9374183349331457,0.05834256193938253,0.08544878349824447,0.08460166301872729,0.04217647505020278,0.11006757616996765
0.026086289435625076,0.09550198912620544,-0.1453983369812727,0.0,0.0,0,0.02612263709306717,0.09550473093986511,0.1476004421710968,0.0,1.5696512460708618,-0.0008094090153463185,1,0.025610685348510742,0.08997520804405212,0.04396390914916992,0.0011269310489296913,0.0015409821644425392,1.5695431232452393,0.02608628844225204,0.09550199101863316,1.9374183349331457,0.05834256193938253,0.08544878349824447,0.08460166301872729,0.04217647505020278,0.11006757616996765
0.026086289435625076,0.09550198912620544,-0.1428983369812727,0.0,0.0,0,0.026108749210834503,0.0954999327659607,0.1497582644224167,0.0,1.5696512460708618,-0.0008054358186200261,1,0.025723934173583984,0.0900154635310173,0.04610750451683998,0.0014146543107926846,0.000548193696886301,1.5691145658493042,0.02608628844225204,0.09550199101863316,1.9374183349331457,0.05834256193938253,0.08544878349824447,0.08460166301872729,0.04217647505020278,0.1101776473224163
0.026086289435625076,0.09550198912620544,-0.1428983369812727,0.0,0.0,0,0.026108749210834503,0.0954999327659607,0.1497582644224167,0.0,1.5696512460708618,-0.0008054358186200261,1,0.025723934173583984,0.0900154635310173,0.04610750451683998,0.0014146543107926846,0.000548193696886301,1.5691145658493042,0.02608628844225204,0.09550199101863316,1.9374183349331457,0.05834256193938253,0.08544878349824447,0.08460166301872729,0.04217647505020278,0.1101776473224163
0.026086289435625076,0.09550198912620544,-0.1403983369812727,0.0,0.0,0,0.02609487622976303,0.09549365937709808,0.15420475602149963,0.0,1.5696512460708618,-0.000802591850515455,1,0.02579936757683754,0.09004838764667511,0.050541553646326065,0.001557572279125452,0.00044665884342975914,1.5682203769683838,0.02608628844225204,0.09550199101863316,1.9374183349331457,0.05834256193938253,0.08544878349824447,0.08460166301872729,0.04217647505020278,0.11011992394924164
0.026086289435625076,0.09550198912620544,-0.1403983369812727,0.0,0.0,0,0.02609487622976303,0.09549365937709808,0.15420475602149963,0.0,1.5696512460708618,-0.000802591850515455,1,0.02579936757683754,0.09004838764667511,0.050541553646326065,0.001557572279125452,0.00044665884342975914,1.5682203769683838,0.02608628844225204,0.09550199101863316,1.9374183349331457,0.05834256193938253,0.08544878349824447,0.08460166301872729,0.04217647505020278,0.11011992394924164
0.026086289435625076,0.09550198912620544,-0.13789833698127268,0.0,0.0,0,0.026089981198310852,0.09550800919532776,0.15674610435962677,0.0,1.5696512460708618,-0.0008019890519790351,1,0.02568281814455986,0.09002978354692459,0.05309049412608147,0.0018262140220031142,0.0003170983400195837,1.5694907903671265,0.02608628844225204,0.09550199101863316,1.9374183349331457,0.05834256193938253,0.08544878349824447,0.08460166301872729,0.04217647505020278,0.11003099754452705
0.026086289435625076,0.09550198912620544,-0.13789833698127268,0.0,0.0,0,0.026089981198310852,0.09550800919532776,0.15674610435962677,0.0,1.5696512460708618,-0.0008019890519790351,1,0.02568281814455986,0.09002978354692459,0.05309049412608147,0.0018262140220031142,0.0003170983400195837,1.5694907903671265,0.02608628844225204,0.09550199101863316,1.9374183349331457,0.05834256193938253,0.08544878349824447,0.08460166301872729,0.04217647505020278,0.11003099754452705
0.026086289435625076,0.09550198912620544,-0.1353983369812727,0.0,0.0,0,0.026088867336511612,0.09550309926271439,0.15925410389900208,0.0,1.5696512460708618,-0.0008029283490031958,1,0.02560371160507202,0.09001565724611282,0.055582571774721146,0.0024330499581992626,0.0008897966472432017,1.5700608491897583,0.02608628844225204,0.09550199101863316,1.9374183349331457,0.05834256193938253,0.08544878349824447,0.08460166301872729,0.04217647505020278,0.11001775041222572
0.026086289435625076,0.09550198912620544,-0.1353983369812727,0.0,0.0,0,0.026088867336511612,0.09550309926271439,0.15925410389900208,0.0,1.5696512460708618,-0.0008029283490031958,1,0.02560371160507202,0.09001565724611282,0.055582571774721146,0.0024330499581992626,0.0008897966472432017,1.5700608491897583,0.02608628844225204,0.09550199101863316,1.9374183349331457,0.05834256193938253,0.08544878349824447,0.08460166301872729,0.04217647505020278,0.11001775041222572
0.026086289435625076,0.09550198912620544,-0.1328983369812727,0.0,0.0,0,0.026058534160256386,0.09549552202224731,0.16175450384616852,0.0,1.5696512460708618,-0.0008005641284398735,1,0.025681346654891968,0.09004343301057816,0.05809653922915459,0.0021708840504288673,0.00019101682119071484,1.5690211057662964,0.02608628844225204,0.09550199101863316,1.9374183349331457,0.05834256193938253,0.08544878349824447,0.08460166301872729,0.04217647505020278,0.11018187180161476
0.026086289435625076,0.09550198912620544,-0.1328983369812727,0.0,0.0,0,0.026058534160256386,0.09549552202224731,0.16175450384616852,0.0,1.5696512460708618,-0.0008005641284398735,1,0.025681346654891968,0.09004343301057816,0.05809653922915459,0.0021708840504288673,0.00019101682119071484,1.5690211057662964,0.02608628844225204,0.09550199101863316,1.9374183349331457,0.05834256193938253,0.08544878349824447,0.08460166301872729,0.04217647505020278,0.11018187180161476
0.026086289435625076,0.09550198912620544,-0.1303983369812727,0.0,0.0,0,0.02607920579612255,0.09550021588802338,0.16423870623111725,0.0,1.5696003437042236,-0.0007975929765962064,1,0.025713961571455002,0.09004176408052444,0.060581814497709274,0.002059505321085453,0.0002861369866877794,1.5695302486419678,0.02608628844225204,0.09550199101863316,1.9374183349331457,0.05834256193938253,0.08544878349824447,0.08460166301872729,0.04217647505020278,0.11014789715409279
0.026086289435625076,0.09550198912620544,-0.1303983369812727,0.0,0.0,0,0.02607920579612255,0.09550021588802338,0.16423870623111725,0.0,1.5696003437042236,-0.0007975929765962064,1,0.025713961571455002,0.09004176408052444,0.060581814497709274,0.002059505321085453,0.0002861369866877794,1.5695302486419678,0.02608628844225204,0.09550199101863316,1.9374183349331457,0.05834256193938253,0.08544878349824447,0.08460166301872729,0.04217647505020278,0.11014789715409279
0.026086289435625076,0.09550198912620544,-0.1278983369812727,0.0,0.0,0,0.026084966957569122,0.09550496935844421,0.16675667464733124,0.0,1.5696003437042236,-0.0007974746986292303,1,0.02575850859284401,0.09004484117031097,0.06309238076210022,0.0021314325276762247,0.0007906704558990896,1.5696481466293335,0.02608628844225204,0.09550199101863316,1.9374183349331457,0.05834256193938253,0.08544878349824447,0.08460166301872729,0.04217647505020278,0.1101648323237896
0.026086289435625076,0.09550198912620544,-0.1278983369812727,0.0,0.0,0,0.026084966957569122,0.09550496935844421,0.16675667464733124,0.0,1.5696003437042236,-0.0007974746986292303,1,0.02575850859284401,0.09004484117031097,0.06309238076210022,0.0021314325276762247,0.0007906704558990896,1.5696481466293335,0.02608628844225204,0.09550199101863316,1.9374183349331457,0.05834256193938253,0.08544878349824447,0.08460166301872729,0.04217647505020278,0.1101648323237896
0.026086289435625076,0.09550198912620544,-0.1253983369812727,0.0,0.0,0,0.026111358776688576,0.0955129861831665,0.16923537850379944,0.0,1.5696003437042236,-0.0007942579104565084,1,0.025681979954242706,0.09003549814224243,0.06560300290584564,0.0023202402517199516,-9.433552622795105e-05,1.5694338083267212,0.02608628844225204,0.09550199101863316,1.9374183349331457,0.05834256193938253,0.08544878349824447,0.08460166301872729,0.04217647505020278,0.11002499982714653
0.026086289435625076,0.09550198912620544,-0.1253983369812727,0.0,0.0,0,0.026111358776688576,0.0955129861831665,0.16923537850379944,0.0,1.5696003437042236,-0.0007942579104565084,1,0.025681979954242706,0.09003549814224243,0.06560300290584564,0.0023202402517199516,-9.433552622795105e-05,1.5694338083267212,0.02608628844225204,0.09550199101863316,1.9374183349331457,0.05834256193938253,0.08544878349824447,0.08460166301872729,0.04217647505020278,0.11002499982714653
0.026086289435625076,0.09550198912620544,-0.1228983369812727,0.0,0.0,0,0.02609069272875786,0.09549692273139954,0.17174972593784332,0.0,1.5696003437042236,-0.000790964113548398,1,0.025612134486436844,0.0900595560669899,0.06812024116516113,0.0028926969971507788,0.0007583647384308279,1.5686571598052979,0.02608628844225204,0.09550199101863316,1.9374183349331457,0.05834256193938253,0.08544878349824447,0.08460166301872729,0.04217647505020278,0.11002055555582047
0.026086289435625076,0.09550198912620544,-0.1228983369812727,0.0,0.0,0,0.02609069272875786,0.09549692273139954,0.17174972593784332,0.0,1.5696003437042236,-0.000790964113548398,1,0.025612134486436844,0.0900595560669899,0.06812024116516113,0.0028926969971507788,0.0007583647384308279,1.5686571598052979,0.02608628844225204,0.09550199101863316,1.9374183349331457,0.05834256193938253,0.08544878349824447,0.08460166301872729,0.04217647505020278,0.11002055555582047
0.026086289435625076,0.09550198912620544,-0.1203983369812727,0.0,0.0,0,0.026086093857884407,0.09549406170845032,0.17424467206001282,0.0,1.5696003437042236,-0.0007868884713388979,1,0.025643903762102127,0.09009529650211334,0.07059785723686218,0.00325592583976686,0.00017132190987467766,1.568041205406189,0.02608628844225204,0.09550199101863316,1.9374183349331457,0.05834256193938253,0.08544878349824447,0.08460166301872729,0.04217647505020278,0.1100822165608406
0.026086289435625076,0.09550198912620544,-0.1203983369812727,0.0,0.0,0,0.026086093857884407,0.09549406170845032,0.17424467206001282,0.0,1.5696003437042236,-0.0007868884713388979,1,0.025643903762102127,0.09009529650211334,0.07059785723686218,0.00325592583976686,0.00017132190987467766,1.568041205406189,0.02608628844225204,0.09550199101863316,1.9374183349331457,0.05834256193938253,0.08544878349824447,0.08460166301872729,0.04217647505020278,0.1100822165608406
0.026086289435625076,0.09550198912620544,-0.1178983369812727,0.0,0.0,0,0.026068875566124916,0.09549976885318756,0.17674510180950165,0.0,1.5696003437042236,-0.0007846217486076057,1,0.02567894384264946,0.09008825570344925,0.07309591770172119,0.003593205474317074,0.0006135876174084842,1.5675837993621826,0.02608628844225204,0.09550199101863316,1.9374183349331457,0.05834256193938253,0.08544878349824447,0.08460166301872729,0.04217647505020278,0.11015920713543892
0.026086289435625076,0.09550198912620544,-0.1178983369812727,0.0,0.0,0,0.026068875566124916,0.09549976885318756,0.17674510180950165,0.0,1.5696003437042236,-0.0007846217486076057,1,0.02567894384264946,0.09008825570344925,0.07309591770172119,0.003593205474317074,0.0006135876174084842,1.5675837993621826,0.02608628844225204,0.09550199101863316,1.9374183349331457,0.05834256193938253,0.08544878349824447,0.08460166301872729,0.04217647505020278,0.11015920713543892
0.026086289435625076,0.09550198912620544,-0.11539833698127269,0.0,0.0,0,0.02610613778233528,0.09550211578607559,0.1792486160993576,0.0,1.5696003437042236,-0.000782113813329488,1,0.0256689190864563,0.09006669372320175,0.07559236884117126,0.0038050974253565073,0.0006794296787120402,1.5688657760620117,0.02608628844225204,0.09550199101863316,1.9374183349331457,0.05834256193938253,0.08544878349824447,0.08460166301872729,0.04217647505020278,0.11012323200702667
0.026086289435625076,0.09550198912620544,-0.11539833698127269,0.0,0.0,0,0.02610613778233528,0.09550211578607559,0.1792486160993576,0.0,1.5696003437042236,-0.000782113813329488,1,0.0256689190864563,0.09006669372320175,0.07559236884117126,0.0038050974253565073,0.0006794296787120402,1.5688657760620117,0.02608628844225204,0.09550199101863316,1.9374183349331457,0.05834256193938253,0.08544878349824447,0.08460166301872729,0.04217647505020278,0.11012323200702667
0.026086289435625076,0.09550198912620544,-0.11289833698127269,0.0,0.0,0,0.026096774265170097,0.09550358355045319,0.18174538016319275,0.0,1.5696003437042236,-0.0007801023893989623,1,0.025670144706964493,0.09007275849580765,0.07808512449264526,0.003742466913536191,0.0002027318114414811,1.5689383745193481,0.02608628844225204,0.09550199101863316,1.9374183349331457,0.05834256193938253,0.08544878349824447,0.08460166301872729,0.04217647505020278,0.11002099886536598
0.026086289435625076,0.09550198912620544,-0.11289833698127269,0.0,0.0,0,0.026096774265170097,0.09550358355045319,0.18174538016319275,0.0,1.5696003437042236,-0.0007801023893989623,1,0.025670144706964493,0.09007275849580765,0.07808512449264526,0.003742466913536191,0.0002027318114414811,1.5689383745193481,0.02608628844225204,0.09550199101863316,1.9374183349331457,0.05834256193938253,0.08544878349824447,0.08460166301872729,0.04217647505020278,0.11002099886536598
0.026086289435625076,0.09550198912620544,-0.1103983369812727,0.0,0.0,0,0.02608257718384266,0.09550872445106506,0.18424561619758606,0.0,1.5696003437042236,-0.0007829169044271111,1,0.025721751153469086,0.09008125215768814,0.08061227947473526,0.004489901475608349,5.5935466662049294e-05,1.5702970027923584,0.02608628844225204,0.09550199101863316,1.9374183349331457,0.05834256193938253,0.08544878349824447,0.08460166301872729,0.04217647505020278,0.11011632159352303
0.026086289435625076,0.09550198912620544,-0.1103983369812727,0.0,0.0,0,0.02608257718384266,0.09550872445106506,0.18424561619758606,0.0,1.5696003437042236,-0.0007829169044271111,1,0.025721751153469086,0.09008125215768814,0.08061227947473526,0.004489901475608349,5.5935466662049294e-05,1.5702970027923584,0.02608628844225204,0.09550199101863316,1.9374183349331457,0.05834256193938253,0.08544878349824447,0.08460166301872729,0.04217647505020278,0.11011632159352303
0.026086289435625076,0.09550198912620544,-0.1078983369812727,0.0,0.0,0,0.026064079254865646,0.09550376236438751,0.18676094710826874,0.0,1.5696003437042236,-0.0007766185444779694,1,0.02584388107061386,0.09011918306350708,0.08306528627872467,0.005195694975554943,-0.00029357895255088806,1.569132685661316,0.02608628844225204,0.09550199101863316,1.9374183349331457,0.05834256193938253,0.08544878349824447,0.08460166301872729,0.04217647505020278,0.11023080348968506
0.026086289435625076,0.09550198912620544,-0.1078983369812727,0.0,0.0,0,0.026064079254865646,0.09550376236438751,0.18676094710826874,0.0,1.5696003437042236,-0.0007766185444779694,1,0.02584388107061386,0.09011918306350708,0.08306528627872467,0.005195694975554943,-0.00029357895255088806,1.569132685661316,0.02608628844225204,0.09550199101863316,1.9374183349331457,0.05834256193938253,0.08544878349824447,0.08460166301872729,0.04217647505020278,0.11023080348968506
0.026086289435625076,0.09550198912620544,-0.1053983369812727,0.0,0.0,0,0.026087025180459023,0.0954977348446846,0.18922856450080872,0.0,1.5696512460708618,-0.0007768035284243524,1,0.02588113397359848,0.09015008807182312,0.08555535972118378,0.005485092755407095,-2.0369887351989746e-05,1.5686705112457275,0.02608628844225204,0.09550199101863316,1.9374183349331457,0.05834256193938253,0.08544878349824447,0.08460166301872729,0.04217647505020278,0.11018996313214302
0.026086289435625076,0.09550198912620544,-0.1053983369812727,0.0,0.0,0,0.026087025180459023,0.0954977348446846,0.18922856450080872,0.0,1.5696512460708618,-0.0007768035284243524,1,0.02588113397359848,0.09015008807182312,0.08555535972118378,0.005485092755407095,-2.0369887351989746e-05,1.5686705112457275,0.02608628844225204,0.09550199101863316,1.9374183349331457,0.05834256193938253,0.08544878349824447,0.08460166301872729,0.04217647505020278,0.11018996313214302
0.026086289435625076,0.09550198912620544,-0.10289833698127271,0.0,0.0,0,0.02609717659652233,0.09550974518060684,0.1917557269334793,0.0,1.5696512460708618,-0.0007747671334072948,1,0.02579421177506447,0.09013654291629791,0.08806928992271423,0.00605291360989213,-2.523651346564293e-05,1.569617748260498,0.02608628844225204,0.09550199101863316,1.9374183349331457,0.05834256193938253,0.08544878349824447,0.08460166301872729,0.04217647505020278,0.11017430201172829
0.026086289435625076,0.09550198912620544,-0.10289833698127271,0.0,0.0,0,0.02609717659652233,0.09550974518060684,0.1917557269334793,0.0,1.5696512460708618,-0.0007747671334072948,1,0.02579421177506447,0.09013654291629791,0.08806928992271423,0.00605291360989213,-2.523651346564293e-05,1.569617748260498,0.02608628844225204,0.09550199101863316,1.9374183349331457,0.05834256193938253,0.08544878349824447,0.08460166301872729,0.04217647505020278,0.11017430201172829
0.026086289435625076,0.09550198912620544,-0.1003983369812727,0.0,0.0,0,0.026109689846634865,0.09550147503614426,0.19423142075538635,0.0,1.5696512460708618,-0.0007721142028458416,1,0.0256684310734272,0.0901879146695137,0.09057632833719254,0.006433896254748106,0.0006936723948456347,1.5680315494537354,0.02608628844225204,0.09550199101863316,1.9374183349331457,0.05834256193938253,0.08544878349824447,0.08460166301872729,0.04217647505020278,0.11009383946657181
0.026086289435625076,0.09550198912620544,-0.1003983369812727,0.0,0.0,0,0.026109689846634865,0.09550147503614426,0.19423142075538635,0.0,1.5696512460708618,-0.0007721142028458416,1,0.0256684310734272,0.0901879146695137,0.09057632833719254,0.006433896254748106,0.0006936723948456347,1.5680315494537354,0.02608628844225204,0.09550199101863316,1.9374183349331457,0.05834256193938253,0.08544878349824447,0.08460166301872729,0.04217647505020278,0.11009383946657181
0.026086289435625076,0.09550198912620544,-0.0978983369812727,0.0,0.0,0,0.026082204654812813,0.095509834587574,0.19674164056777954,0.0,1.5696512460708618,-0.000772734812926501,1,0.025655172765254974,0.0901685357093811,0.09307701140642166,0.006596498657017946,0.0006143046193756163,1.5695695877075195,0.02608628844225204,0.09550199101863316,1.9374183349331457,0.05834256193938253,0.08544878349824447,0.08460166301872729,0.04217647505020278,0.11008696258068085
0.026086289435625076,0.09550198912620544,-0.0978983369812727,0.0,0.0,0,0.026082204654812813,0.095509834587574,0.19674164056777954,0.0,1.5696512460708618,-0.000772734812926501,1,0.025655172765254974,0.0901685357093811,0.09307701140642166,0.006596498657017946,0.0006143046193756163,1.5695695877075195,0.02608628844225204,0.09550199101863316,1.9374183349331457,0.05834256193938253,0.08544878349824447,0.08460166301872729,0.04217647505020278,0.11008696258068085
0.026086289435625076,0.09550198912620544,-0.0953983369812727,0.0,0.0,0,0.026069533079862595,0.09549570083618164,0.19924511015415192,0.0,1.5696512460708618,-0.000767356890719384,1,0.02566572278738022,0.09021282941102982,0.09560279548168182,0.006752648390829563,0.0007840293110348284,1.5686227083206177,0.02608628844225204,0.09550199101863316,1.9374183349331457,0.05834256193938253,0.08544878349824447,0.08460166301872729,0.04217647505020278,0.11015107482671738
0.026086289435625076,0.09550198912620544,-0.0953983369812727,0.0,0.0,0,0.026069533079862595,0.09549570083618164,0.19924511015415192,0.0,1.5696512460708618,-0.000767356890719384,1,0.02566572278738022,0.09021282941102982,0.09560279548168182,0.006752648390829563,0.0007840293110348284,1.5686227083206177,0.02608628844225204,0.09550199101863316,1.9374183349331457,0.05834256193938253,0.08544878349824447,0.08460166301872729,0.04217647505020278,0.11015107482671738
0.026086289435625076,0.09550198912620544,-0.0928983369812727,0.0,0.0,0,0.026094933971762657,0.09550289809703827,0.20173436403274536,0.0,1.5696512460708618,-0.0007660885457880795,1,0.025744955986738205,0.09020575135946274,0.09805004298686981,0.006790780462324619,0.00012293620966374874,1.5687050819396973,0.02608628844225204,0.09550199101863316,1.9374183349331457,0.05834256193938253,0.08544878349824447,0.08460166301872729,0.04217647505020278,0.11012187600135803
0.026086289435625076,0.09550198912620544,-0.0928983369812727,0.0,0.0,0,0.026094933971762657,0.09550289809703827,0.20173436403274536,0.0,1.5696512460708618,-0.0007660885457880795,1,0.025744955986738205,0.09020575135946274,0.09805004298686981,0.006790780462324619,0.00012293620966374874,1.5687050819396973,0.02608628844225204,0.09550199101863316,1.9374183349331457,0.05834256193938253,0.08544878349824447,0.08460166301872729,0.04217647505020278,0.11012187600135803
0.026086289435625076,0.09550198912620544,-0.0903983369812727,0.0,0.0,0,0.026096640154719353,0.0955040454864502,0.2042495459318161,0.0,1.5696512460708618,-0.000763370597269386,1,0.02564842626452446,0.0902344211935997,0.10057788342237473,0.007099934853613377,0.00047991008614189923,1.5683900117874146,0.02608628844225204,0.09550199101863316,1.9374183349331457,0.05834256193938253,0.08544878349824447,0.08460166301872729,0.04217647505020278,0.11002952232956886
0.026086289435625076,0.09550198912620544,-0.0903983369812727,0.0,0.0,0,0.026096640154719353,0.0955040454864502,0.2042495459318161,0.0,1.5696512460708618,-0.000763370597269386,1,0.02564842626452446,0.0902344211935997,0.10057788342237473,0.007099934853613377,0.00047991008614189923,1.5683900117874146,0.02608628844225204,0.09550199101863316,1.9374183349331457,0.05834256193938253,0.08544878349824447,0.08460166301872729,0.04217647505020278,0.11002952232956886
0.026086289435625076,0.09550198912620544,-0.0878983369812727,0.0,0.0,0,0.026075413450598717,0.09551337361335754,0.20676127076148987,0.0,1.5696512460708618,-0.0007634966750629246,1,0.025665294378995895,0.09021036326885223,0.10307295620441437,0.007796571124345064,0.0004181414842605591,1.5692678689956665,0.02608628844225204,0.09550199101863316,1.9374183349331457,0.05834256193938253,0.08544878349824447,0.08460166301872729,0.04217647505020278,0.11017105355858803
0.026086289435625076,0.09550198912620544,-0.0878983369812727,0.0,0.0,0,0.026075413450598717,0.09551337361335754,0.20676127076148987,0.0,1.5696512460708618,-0.0007634966750629246,1,0.025665294378995895,0.09021036326885223,0.10307295620441437,0.007796571124345064,0.0004181414842605591,1.5692678689956665,0.02608628844225204,0.09550199101863316,1.9374183349331457,0.05834256193938253,0.08544878349824447,0.08460166301872729,0.04217647505020278,0.11017105355858803
0.026086289435625076,0.09550198912620544,-0.0853983369812727,0.0,0.0,0,0.026075264438986778,0.09550032019615173,0.20924118161201477,0.0,1.5698198080062866,-0.0007625307189300656,1,0.025745496153831482,0.09023302048444748,0.10553896427154541,0.008222594857215881,-0.00010437285527586937,1.568650484085083,0.02608628844225204,0.09550199101863316,1.9374183349331457,0.05834256193938253,0.08544878349824447,0.08460166301872729,0.04217647505020278,0.11018228530883789
0.026086289435625076,0.09550198912620544,-0.0853983369812727,0.0,0.0,0,0.026075264438986778,0.09550032019615173,0.20924118161201477,0.0,1.5698198080062866,-0.0007625307189300656,1,0.025745496153831482,0.09023302048444748,0.10553896427154541,0.008222594857215881,-0.00010437285527586937,1.568650484085083,0.02608628844225204,0.09550199101863316,1.9374183349331457,0.05834256193938253,0.08544878349824447,0.08460166301872729,0.04217647505020278,0.11018228530883789
0.026086289435625076,0.09550198912620544,-0.0828983369812727,0.0,0.0,0,0.026124371215701103,0.09549878537654877,0.21175023913383484,0.0,1.5693727731704712,-0.00075482577085495,1,0.025468409061431885,0.09025631099939346,0.10804039239883423,0.008062821812927723,0.0024291109293699265,1.5677382946014404,0.02608628844225204,0.09550199101863316,1.9374183349331457,0.05834256193938253,0.08544878349824447,0.08460166301872729,0.04217647505020278,0.11006902530789375
0.026086289435625076,0.09550198912620544,-0.0828983369812727,0.0,0.0,0,0.026124371215701103,0.09549878537654877,0.21175023913383484,0.0,1.5693727731704712,-0.00075482577085495,1,0.025468409061431885,0.09025631099939346,0.10804039239883423,0.008062821812927723,0.0024291109293699265,1.5677382946014404,0.02608628844225204,0.09550199101863316,1.9374183349331457,0.05834256193938253,0.08544878349824447,0.08460166301872729,0.04217647505020278,0.11006902530789375
0.026086289435625076,0.09550198912620544,-0.0803983369812727,0.0,0.0,0,0.02608194760978222,0.0955076590180397,0.21425801515579224,0.0,1.569291353225708,-0.0007520322687923908,1,0.02552007883787155,0.09023987501859665,0.11056359112262726,0.008468413725495338,0.0021616159938275814,1.569264531135559,0.02608628844225204,0.09550199101863316,1.9374183349331457,0.05834256193938253,0.08544878349824447,0.08460166301872729,0.04217647505020278,0.11013196781277657
0.026086289435625076,0.09550198912620544,-0.0803983369812727,0.0,0.0,0,0.02608194760978222,0.0955076590180397,0.21425801515579224,0.0,1.569291353225708,-0.0007520322687923908,1,0.02552007883787155,0.09023987501859665,0.11056359112262726,0.008468413725495338,0.0021616159938275814,1.569264531135559,0.02608628844225204,0.09550199101863316,1.9374183349331457,0.05834256193938253,0.08544878349824447,0.08460166301872729,0.04217647505020278,0.11013196781277657
0.026086289435625076,0.09550198912620544,-0.0778983369812727,0.0,0.0,0,0.026076121255755424,0.09549657255411148,0.21675024926662445,0.0,1.5691769123077393,-0.0007493571611121297,1,0.02543153241276741,0.09029950201511383,0.11308056116104126,0.009559985250234604,0.002599619794636965,1.5688378810882568,0.02608628844225204,0.09550199101863316,1.9374183349331457,0.05834256193938253,0.08544878349824447,0.08460166301872729,0.04217647505020278,0.11017759516835213
0.026086289435625076,0.09550198912620544,-0.0778983369812727,0.0,0.0,0,0.026076121255755424,0.09549657255411148,0.21675024926662445,0.0,1.5691769123077393,-0.0007493571611121297,1,0.02543153241276741,0.09029950201511383,0.11308056116104126,0.009559985250234604,0.002599619794636965,1.5688378810882568,0.02608628844225204,0.09550199101863316,1.9374183349331457,0.05834256193938253,0.08544878349824447,0.08460166301872729,0.04217647505020278,0.11017759516835213
0.026086289435625076,0.09550198912620544,-0.0753983369812727,0.0,0.0,0,0.026076296344399452,0.0955062210559845,0.21923893690109253,0.0,1.5691404342651367,-0.0007464948575943708,1,0.025527816265821457,0.09028355032205582,0.11553086340427399,0.009576138108968735,0.0016809053486213088,1.5689187049865723,0.02608628844225204,0.09550199101863316,1.9374183349331457,0.05834256193938253,0.08544878349824447,0.08460166301872729,0.04217647505020278,0.1101970486342907
0.026086289435625076,0.09550198912620544,-0.0753983369812727,0.0,0.0,0,0.026076296344399452,0.0955062210559845,0.21923893690109253,0.0,1.5691404342651367,-0.0007464948575943708,1,0.025527816265821457,0.09028355032205582,0.11553086340427399,0.009576138108968735,0.0016809053486213088,1.5689187049865723,0.02608628844225204,0.09550199101863316,1.9374183349331457,0.05834256193938253,0.08544878349824447,0.08460166301872729,0.04217647505020278,0.1101970486342907
0.026086289435625076,0.09550198912620544,-0.0728983369812727,0.0,0.0,0,0.026105990633368492,0.09550711512565613,0.22172945737838745,0.0,1.5692522525787354,-0.0007456213934347034,1,0.025595195591449738,0.09028615057468414,0.11802765727043152,0.009827732108533382,0.0017577861435711384,1.569148302078247,0.02608628844225204,0.09550199101863316,1.9374183349331457,0.05834256193938253,0.08544878349824447,0.08460166301872729,0.04217647505020278,0.11023052036762238
0.026086289435625076,0.09550198912620544,-0.0728983369812727,0.0,0.0,0,0.026105990633368492,0.09550711512565613,0.22172945737838745,0.0,1.5692522525787354,-0.0007456213934347034,1,0.025595195591449738,0.09028615057468414,0.11802765727043152,0.009827732108533382,0.0017577861435711384,1.569148302078247,0.02608628844225204,0.09550199101863316,1.9374183349331457,0.05834256193938253,0.08544878349824447,0.08460166301872729,0.04217647505020278,0.11023052036762238
0.026086289435625076,0.09550198912620544,-0.0703983369812727,0.0,0.0,0,0.026093853637576103,0.0954999178647995,0.22423836588859558,0.0,1.5691404342651367,-0.0007408572128042579,1,0.02555312216281891,0.09032292664051056,0.12052278220653534,0.009879871271550655,0.0013956385664641857,1.5678292512893677,0.02608628844225204,0.09550199101863316,1.9374183349331457,0.05834256193938253,0.08544878349824447,0.08460166301872729,0.04217647505020278,0.11013501510024071
0.026086289435625076,0.09550198912620544,-0.0703983369812727,0.0,0.0,0,0.026093853637576103,0.0954999178647995,0.22423836588859558,0.0,1.5691404342651367,-0.0007408572128042579,1,0.02555312216281891,0.09032292664051056,0.12052278220653534,0.009879871271550655,0.0013956385664641857,1.5678292512893677,0.02608628844225204,0.09550199101863316,1.9374183349331457,0.05834256193938253,0.08544878349824447,0.08460166301872729,0.04217647505020278,0.11013501510024071
0.026086289435625076,0.09550198912620544,-0.06789833698127269,0.0,0.0,0,0.026075491681694984,0.09550783783197403,0.22673454880714417,0.0,1.5691404342651367,-0.0007421635091304779,1,0.02555016428232193,0.09029270708560944,0.12304762750864029,0.010019589215517044,0.0013524480164051056,1.569175362586975,0.02608628844225204,0.09550199101863316,1.9374183349331457,0.05834256193938253,0.08544878349824447,0.08460166301872729,0.04217647505020278,0.11019542440772057
0.026086289435625076,0.09550198912620544,-0.06789833698127269,0.0,0.0,0,0.026075491681694984,0.09550783783197403,0.22673454880714417,0.0,1.5691404342651367,-0.0007421635091304779,1,0.02555016428232193,0.09029270708560944,0.12304762750864029,0.010019589215517044,0.0013524480164051056,1.569175362586975,0.02608628844225204,0.09550199101863316,1.9374183349331457,0.05834256193938253,0.08544878349824447,0.08460166301872729,0.04217647505020278,0.11019542440772057
0.026086289435625076,0.09550198912620544,-0.0653983369812727,0.0,0.0,0,0.026099788025021553,0.09548905491828918,0.22926029562950134,0.0,1.5691404342651367,-0.0007387287332676351,1,0.02549513801932335,0.09036827087402344,0.1255418062210083,0.010816441848874092,0.002092093462124467,1.56882905960083,0.02608628844225204,0.09550199101863316,1.9374183349331457,0.05834256193938253,0.08544878349824447,0.08460166301872729,0.04217647505020278,0.11013250425457954
0.026086289435625076,0.09550198912620544,-0.0653983369812727,0.0,0.0,0,0.026099788025021553,0.09548905491828918,0.22926029562950134,0.0,1.5691404342651367,-0.0007387287332676351,1,0.02549513801932335,0.09036827087402344,0.1255418062210083,0.010816441848874092,0.002092093462124467,1.56882905960083,0.02608628844225204,0.09550199101863316,1.9374183349331457,0.05834256193938253,0.08544878349824447,0.08460166301872729,0.04217647505020278,0.11013250425457954
0.026086289435625076,0.09550198912620544,-0.0628983369812727,0.0,0.0,0,0.026087448000907898,0.09550110995769501,0.23174341022968292,0.0,1.5691049098968506,-0.0007387844379991293,1,0.02540149912238121,0.09037844836711884,0.1280801147222519,0.010837148874998093,0.0025463043712079525,1.568464994430542,0.02608628844225204,0.09550199101863316,1.9374183349331457,0.05834256193938253,0.08544878349824447,0.08460166301872729,0.04217647505020278,0.11006534844636917
0.026086289435625076,0.09550198912620544,-0.0628983369812727,0.0,0.0,0,0.026087448000907898,0.09550110995769501,0.23174341022968292,0.0,1.5691049098968506,-0.0007387844379991293,1,0.02540149912238121,0.09037844836711884,0.1280801147222519,0.010837148874998093,0.0025463043712079525,1.568464994430542,0.02608628844225204,0.09550199101863316,1.9374183349331457,0.05834256193938253,0.08544878349824447,0.08460166301872729,0.04217647505020278,0.11006534844636917
0.026086289435625076,0.09550198912620544,-0.0603983369812727,0.0,0.0,0,0.026082642376422882,0.09550919383764267,0.23425522446632385,0.0,1.5691049098968506,-0.000737918890081346,1,0.02532608062028885,0.09035854041576385,0.13056978583335876,0.011009653098881245,0.0020160716958343983,1.5680259466171265,0.02608628844225204,0.09550199101863316,1.9374183349331457,0.05834256193938253,0.08544878349824447,0.08460166301872729,0.04217647505020278,0.11005999147891998
0.026086289435625076,0.09550198912620544,-0.0603983369812727,0.0,0.0,0,0.026082642376422882,0.09550919383764267,0.23425522446632385,0.0,1.5691049098968506,-0.000737918890081346,1,0.02532608062028885,0.09035854041576385,0.13056978583335876,0.011009653098881245,0.0020160716958343983,1.5680259466171265,0.02608628844225204,0.09550199101863316,1.9374183349331457,0.05834256193938253,0.08544878349824447,0.08460166301872729,0.04217647505020278,0.11005999147891998
0.026086289435625076,0.09550198912620544,-0.0578983369812727,0.0,0.0,0,0.02606412023305893,0.09550672024488449,0.23675398528575897,0.0,1.5691049098968506,-0.0007338536670431495,1,0.025310229510068893,0.09037676453590393,0.13304102420806885,0.011164726689457893,0.0011994352098554373,1.569051742553711,0.02608628844225204,0.09550199101863316,1.9374183349331457,0.05834256193938253,0.08544878349824447,0.08460166301872729,0.04217647505020278,0.110041294246912
0.026086289435625076,0.09550198912620544,-0.0578983369812727,0.0,0.0,0,0.02606412023305893,0.09550672024488449,0.23675398528575897,0.0,1.5691049098968506,-0.0007338536670431495,1,0.025310229510068893,0.09037676453590393,0.13304102420806885,0.011164726689457893,0.0011994352098554373,1.569051742553711,0.02608628844225204,0.09550199101863316,1.9374183349331457,0.05834256193938253,0.08544878349824447,0.08460166301872729,0.04217647505020278,0.110041294246912
0.026086289435625076,0.09550198912620544,-0.055398336981272694,0.0,0.0,0,0.02606709487736225,0.09551570564508438,0.2392393946647644,0.0,1.5691049098968506,-0.0007314237882383168,1,0.025365393608808517,0.09033553302288055,0.1355561763048172,0.011390439234673977,0.0017560739070177078,1.5687905550003052,0.02608628844225204,0.09550199101863316,1.9374183349331457,0.05834256193938253,0.08544878349824447,0.08460166301872729,0.04217647505020278,0.11004852131009102
0.026086289435625076,0.09550198912620544,-0.055398336981272694,0.0,0.0,0,0.02606709487736225,0.09551570564508438,0.2392393946647644,0.0,1.5691049098968506,-0.0007314237882383168,1,0.025365393608808517,0.09033553302288055,0.1355561763048172,0.011390439234673977,0.0017560739070177078,1.5687905550003052,0.02608628844225204,0.09550199101863316,1.9374183349331457,0.05834256193938253,0.08544878349824447,0.08460166301872729,0.04217647505020278,0.11004852131009102
0.026086289435625076,0.09550198912620544,-0.05289833698127269,0.0,0.0,0,0.02607247233390808,0.09550385177135468,0.24175138771533966,0.0,1.5690699815750122,-0.0007309582433663309,1,0.02533065900206566,0.09036830812692642,0.13807150721549988,0.011840510182082653,0.0013711112551391125,1.5697044134140015,0.02608628844225204,0.09550199101863316,1.9374183349331457,0.05834256193938253,0.08544878349824447,0.08460166301872729,0.04217647505020278,0.11012575402855873
0.026086289435625076,0.09550198912620544,-0.05289833698127269,0.0,0.0,0,0.02607247233390808,0.09550385177135468,0.24175138771533966,0.0,1.5690699815750122,-0.0007309582433663309,1,0.02533065900206566,0.09036830812692642,0.13807150721549988,0.011840510182082653,0.0013711112551391125,1.5697044134140015,0.02608628844225204,0.09550199101863316,1.9374183349331457,0.05834256193938253,0.08544878349824447,0.08460166301872729,0.04217647505020278,0.11012575402855873
0.026086289435625076,0.09550198912620544,-0.050398336981272704,0.0,0.0,0,0.026114532724022865,0.09549606591463089,0.24423383176326752,0.0,1.5689693689346313,-0.0007292827358469367,1,0.02525387704372406,0.09040366858243942,0.14060816168785095,0.0118106659501791,0.0025536720640957355,1.5683062076568604,0.02608628844225204,0.09550199101863316,1.9374183349331457,0.05834256193938253,0.08544878349824447,0.08460166301872729,0.04217647505020278,0.10994870215654373
0.026086289435625076,0.09550198912620544,-0.050398336981272704,0.0,0.0,0,0.026114532724022865,0.09549606591463089,0.24423383176326752,0.0,1.5689693689346313,-0.0007292827358469367,1,0.02525387704372406,0.09040366858243942,0.14060816168785095,0.0118106659501791,0.0025536720640957355,1.5683062076568604,0.02608628844225204,0.09550199101863316,1.9374183349331457,0.05834256193938253,0.08544878349824447,0.08460166301872729,0.04217647505020278,0.10994870215654373
0.026086289435625076,0.09550198912620544,-0.0478983369812727,0.0,0.0,0,0.026071300730109215,0.09549637883901596,0.24675604701042175,0.0,1.5689693689346313,-0.0007284629391506314,1,0.02528444677591324,0.0904320776462555,0.14307713508605957,0.012709173373878002,0.0023394788149744272,1.568859338760376,0.02608628844225204,0.09550199101863316,1.9374183349331457,0.05834256193938253,0.08544878349824447,0.08460166301872729,0.04217647505020278,0.11005093902349472
0.026086289435625076,0.09550198912620544,-0.0478983369812727,0.0,0.0,0,0.026071300730109215,0.09549637883901596,0.24675604701042175,0.0,1.5689693689346313,-0.0007284629391506314,1,0.02528444677591324,0.0904320776462555,0.14307713508605957,0.012709173373878002,0.0023394788149744272,1.568859338760376,0.02608628844225204,0.09550199101863316,1.9374183349331457,0.05834256193938253,0.08544878349824447,0.08460166301872729,0.04217647505020278,0.11005093902349472
0.026086289435625076,0.09550198912620544,-0.0453983369812727,0.0,0.0,0,0.026074038818478584,0.09550251066684723,0.24923869967460632,0.0,1.568937063217163,-0.0007274791714735329,1,0.025408465415239334,0.09039398282766342,0.14546078443527222,0.012817689217627048,0.0016262761782854795,1.5694648027420044,0.02608628844225204,0.09550199101863316,1.9374183349331457,0.05834256193938253,0.08544878349824447,0.08460166301872729,0.04217647505020278,0.11008309200406075
0.026086289435625076,0.09550198912620544,-0.0453983369812727,0.0,0.0,0,0.026074038818478584,0.09550251066684723,0.24923869967460632,0.0,1.568937063217163,-0.0007274791714735329,1,0.025408465415239334,0.09039398282766342,0.14546078443527222,0.012817689217627048,0.0016262761782854795,1.5694648027420044,0.02608628844225204,0.09550199101863316,1.9374183349331457,0.05834256193938253,0.08544878349824447,0.08460166301872729,0.04217647505020278,0.11008309200406075
0.026086289435625076,0.09550198912620544,-0.0428983369812727,0.0,0.0,0,0.026108410209417343,0.09550683200359344,0.2517349123954773,0.0,1.568937063217163,-0.0007237650570459664,1,0.02530151605606079,0.09037813544273376,0.14798875153064728,0.012981482781469822,0.0020357794128358364,1.5693247318267822,0.02608628844225204,0.09550199101863316,1.9374183349331457,0.05834256193938253,0.08544878349824447,0.08460166301872729,0.04217647505020278,0.11006242781877518
0.026086289435625076,0.09550198912620544,-0.0428983369812727,0.0,0.0,0,0.026108410209417343,0.09550683200359344,0.2517349123954773,0.0,1.568937063217163,-0.0007237650570459664,1,0.02530151605606079,0.09037813544273376,0.14798875153064728,0.012981482781469822,0.0020357794128358364,1.5693247318267822,0.02608628844225204,0.09550199101863316,1.9374183349331457,0.05834256193938253,0.08544878349824447,0.08460166301872729,0.04217647505020278,0.11006242781877518
0.026086289435625076,0.09550198912620544,-0.040398336981272695,0.0,0.0,0,0.026082465425133705,0.09550895541906357,0.25424838066101074,0.0,1.568937063217163,-0.0007237034733407199,1,0.0253278911113739,0.09036499261856079,0.15050971508026123,0.012625155970454216,0.0024968476500362158,1.5686488151550293,0.02608628844225204,0.09550199101863316,1.9374183349331457,0.05834256193938253,0.08544878349824447,0.08460166301872729,0.04217647505020278,0.11010828986763954
0.026086289435625076,0.09550198912620544,-0.040398336981272695,0.0,0.0,0,0.026082465425133705,0.09550895541906357,0.25424838066101074,0.0,1.568937063217163,-0.0007237034733407199,1,0.0253278911113739,0.09036499261856079,0.15050971508026123,0.012625155970454216,0.0024968476500362158,1.5686488151550293,0.02608628844225204,0.09550199101863316,1.9374183349331457,0.05834256193938253,0.08544878349824447,0.08460166301872729,0.04217647505020278,0.11010828986763954
0.026086289435625076,0.09550198912620544,-0.03789833698127269,0.0,0.0,0,0.026074742898344994,0.09550533443689346,0.25673720240592957,0.0,1.568937063217163,-0.0007193953497335315,1,0.025359265506267548,0.09036906808614731,0.1529775857925415,0.012701012194156647,0.0015088865766301751,1.5698091983795166,0.02608628844225204,0.09550199101863316,1.9374183349331457,0.05834256193938253,0.08544878349824447,0.08460166301872729,0.04217647505020278,0.11007770523428917
0.026086289435625076,0.09550198912620544,-0.03789833698127269,0.0,0.0,0,0.026074742898344994,0.09550533443689346,0.25673720240592957,0.0,1.568937063217163,-0.0007193953497335315,1,0.025359265506267548,0.09036906808614731,0.1529775857925415,0.012701012194156647,0.0015088865766301751,1.5698091983795166,0.02608628844225204,0.09550199101863316,1.9374183349331457,0.05834256193938253,0.08544878349824447,0.08460166301872729,0.04217647505020278,0.11007770523428917
0.026086289435625076,0.09550198912620544,-0.035398336981272704,0.0,0.0,0,0.02606802061200142,0.09550023078918457,0.2592454254627228,0.0,1.568905234336853,-0.0007186498260125518,1,0.025486793369054794,0.09038214385509491,0.15546202659606934,0.012721066363155842,0.0013869618996977806,1.5698684453964233,0.02608628844225204,0.09550199101863316,1.9374183349331457,0.05834256193938253,0.08544878349824447,0.08460166301872729,0.04217647505020278,0.11020981147885323
0.026086289435625076,0.09550198912620544,-0.035398336981272704,0.0,0.0,0,0.02606802061200142,0.09550023078918457,0.2592454254627228,0.0,1.568905234336853,-0.0007186498260125518,1,0.025486793369054794,0.09038214385509491,0.15546202659606934,0.012721066363155842,0.0013869618996977806,1.5698684453964233,0.02608628844225204,0.09550199101863316,1.9374183349331457,0.05834256193938253,0.08544878349824447,0.08460166301872729,0.04217647505020278,0.11020981147885323
0.026086289435625076,0.09550198912620544,-0.0328983369812727,0.0,0.0,0,0.026104090735316277,0.09551705420017242,0.2617363929748535,0.0,1.568905234336853,-0.0007169181481003761,1,0.025446061044931412,0.09037628769874573,0.15796414017677307,0.013408282771706581,0.000987512175925076,1.5702143907546997,0.02608628844225204,0.09550199101863316,1.9374183349331457,0.05834256193938253,0.08544878349824447,0.08460166301872729,0.04217647505020278,0.11014113202691078
0.026086289435625076,0.09550198912620544,-0.0328983369812727,0.0,0.0,0,0.026104090735316277,0.09551705420017242,0.2617363929748535,0.0,1.568905234336853,-0.0007169181481003761,1,0.025446061044931412,0.09037628769874573,0.15796414017677307,0.013408282771706581,0.000987512175925076,1.5702143907546997,0.02608628844225204,0.09550199101863316,1.9374183349331457,0.05834256193938253,0.08544878349824447,0.08460166301872729,0.04217647505020278,0.11014113202691078
