0.0,-0.05,-0.175,0.0,0.0,0,-6.8709496190422215e-06,-0.050027601420879364,0.07059430330991745,0.0,1.5707963705062866,-1.5713475942611694,1,0.015525448136031628,0.19996559619903564,0.039789073169231415,5.202937525261575e-10,-1.7925230189064223e-09,2.5039234161376953,0.01552544950088755,0.19996559549170295,2.5039233871003277,0.19948166325912184,0.15767401193533628,0.07957831234632701,0.2502982559247327
0.0,-0.0475,-0.175,0.0,0.0,0,-6.8794647631875705e-06,-0.048698022961616516,0.07059429585933685,0.0,1.570451021194458,-1.5718830823898315,1,0.015525448136031628,0.19996559619903564,0.039789073169231415,5.00561370131436e-10,-2.126597564711119e-09,2.5039234161376953,0.01552544950088755,0.19996559549170295,2.5039233871003277,0.19948166325912184,0.15767401193533628,0.07957831234632701,0.2502982559247327
0.0,-0.045000000000000005,-0.175,0.0,0.0,0,-6.871479854453355e-06,-0.04704250022768974,0.0705944076180458,0.0,1.5707963705062866,-1.5718783140182495,1,0.015525448136031628,0.19996559619903564,0.039789073169231415,8.83035033982793e-10,-2.4369692930292786e-09,2.5039234161376953,0.01552544950088755,0.19996559549170295,2.5039233871003277,0.19948166325912184,0.15767401193533628,0.07957831234632701,0.2502982559247327
0.0,-0.0425,-0.175,0.0,0.0,0,-6.876225597807206e-06,-0.04447508230805397,0.07059453427791595,0.0,1.5707963705062866,-1.5723634958267212,1,0.015525448136031628,0.19996559619903564,0.039789073169231415,8.66274940669598e-10,-2.523355524530757e-09,2.5039234161376953,0.01552544950088755,0.19996559549170295,2.5039233871003277,0.19948166325912184,0.15767401193533628,0.07957831234632701,0.2502982559247327
0.0,-0.04,-0.175,0.0,0.0,0,-6.872799531265628e-06,-0.04165303707122803,0.07059445232152939,0.0,1.5703080892562866,-1.5728141069412231,1,0.015525448136031628,0.19996559619903564,0.039789073169231415,9.57003365442688e-10,-2.403211851742526e-09,2.5039234161376953,0.01552544950088755,0.19996559549170295,2.5039233871003277,0.19948166325912184,0.15767401193533628,0.07957831234632701,0.2502982559247327
0.0,-0.037500000000000006,-0.175,0.0,0.0,0,-6.868760920042405e-06,-0.038972578942775726,0.07059460878372192,0.0,1.570451021194458,-1.5732325315475464,1,0.015525448136031628,0.19996559619903564,0.039789073169231415,5.029954786017754e-10,-2.6701332256351407e-09,2.5039234161376953,0.01552544950088755,0.19996559549170295,2.5039233871003277,0.19948166325912184,0.15767401193533628,0.07957831234632701,0.2502982559247327
0.0,-0.035,-0.175,0.0,0.0,0,-6.869910066598095e-06,-0.036466084420681,0.07059451937675476,0.0,1.5707963705062866,-1.5736223459243774,1,0.015525448136031628,0.19996559619903564,0.039789073169231415,7.435879689765557e-11,-2.107203078693942e-09,2.5039234161376953,0.01552544950088755,0.19996559549170295,2.5039233871003277,0.19948166325912184,0.15767401193533628,0.07957831234632701,0.2502982559247327
0.0,-0.0325,-0.175,0.0,0.0,0,-6.872428002679953e-06,-0.03247051313519478,0.07059463113546371,0.0,1.570451021194458,-1.5743560791015625,1,0.015525448136031628,0.19996559619903564,0.039789073169231415,2.635982543353066e-10,-2.1309083386711336e-09,2.5039234161376953,0.01552544950088755,0.19996559549170295,2.5039233871003277,0.19948166325912184,0.15767401193533628,0.07957831234632701,0.2502982559247327
0.0,-0.030000000000000002,-0.175,0.0,0.0,0,-6.850948466308182e-06,-0.03001181222498417,0.07059463113546371,0.0,1.5707963705062866,-1.5746897459030151,1,0.015525448136031628,0.19996559619903564,0.039789073169231415,3.7145464482080115e-10,-2.2323598525275656e-09,2.5039234161376953,0.01552544950088755,0.19996559549170295,2.5039233871003277,0.19948166325912184,0.15767401193533628,0.07957831234632701,0.2502982559247327
0.0,-0.027500000000000004,-0.175,0.0,0.0,0,-6.8534700403688475e-06,-0.02752849832177162,0.07059480249881744,0.0,1.5707963705062866,-1.575003743171692,1,0.015525448136031628,0.19996559619903564,0.039789073169231415,2.471075011278856e-10,-2.28366081600484e-09,2.5039234161376953,0.01552544950088755,0.19996559549170295,2.5039233871003277,0.19948166325912184,0.15767401193533628,0.07957831234632701,0.2502982559247327
0.0,-0.025,-0.175,0.0,0.0,0,-6.839677553216461e-06,-0.026618434116244316,0.07059488445520401,0.0,1.5707963705062866,-1.575000524520874,1,0.015525448136031628,0.19996559619903564,0.039789073169231415,3.7102609873329584e-10,-2.5090631794455476e-09,2.5039234161376953,0.01552544950088755,0.19996559549170295,2.5039233871003277,0.19948166325912184,0.15767401193533628,0.07957831234632701,0.2502982559247327
0.0,-0.022500000000000003,-0.175,0.0,0.0,0,-6.8380459197214805e-06,-0.022544018924236298,0.07059481739997864,0.0,1.5707963705062866,-1.575575351715088,1,0.015525448136031628,0.19996559619903564,0.039789073169231415,7.664421319830694e-10,-2.9109332722043746e-09,2.5039234161376953,0.01552544950088755,0.19996559549170295,2.5039233871003277,0.19948166325912184,0.15767401193533628,0.07957831234632701,0.2502982559247327
0.0,-0.020000000000000004,-0.175,0.0,0.0,0,-6.849484634585679e-06,-0.02005530148744583,0.07059478759765625,0.0,1.5707963705062866,-1.5758394002914429,1,0.015525448136031628,0.19996559619903564,0.039789073169231415,4.825095323290896e-10,-2.4795105968422604e-09,2.5039234161376953,0.01552544950088755,0.19996559549170295,2.5039233871003277,0.19948166325912184,0.15767401193533628,0.07957831234632701,0.2502982559247327
0.0,-0.0175,-0.175,0.0,0.0,0,-6.843532446509926e-06,-0.017568623647093773,0.07059485465288162,0.0,1.570451021194458,-1.5760875940322876,1,0.015525448136031628,0.19996559619903564,0.039789073169231415,1.5216650162130918e-10,-2.3535680071518073e-09,2.5039234161376953,0.01552544950088755,0.19996559549170295,2.5039233871003277,0.19948166325912184,0.15767401193533628,0.07957831234632701,0.2502982559247327
0.0,-0.015,-0.175,0.0,0.0,0,-6.837110049673356e-06,-0.01508142426609993,0.07059494405984879,0.0,1.5707963705062866,-1.5763205289840698,1,0.015525448136031628,0.19996559619903564,0.039789073169231415,1.0382422699350968e-10,-2.6777928763266345e-09,2.5039234161376953,0.01552544950088755,0.19996559549170295,2.5039233871003277,0.19948166325912184,0.15767401193533628,0.07957831234632701,0.2502982559247327
0.0,-0.012500000000000004,-0.175,0.0,0.0,0,-6.8368722168088425e-06,-0.012591973878443241,0.07059512287378311,0.0,1.5707963705062866,-1.5765419006347656,1,0.015525448136031628,0.19996559619903564,0.039789073169231415,1.477001299043934e-10,-2.7625928211705286e-09,2.5039234161376953,0.01552544950088755,0.19996559549170295,2.5039233871003277,0.19948166325912184,0.15767401193533628,0.07957831234632701,0.2502982559247327
0.0,-0.010000000000000002,-0.175,0.0,0.0,0,-6.830659003753681e-06,-0.010102338157594204,0.07059508562088013,0.0,1.5707963705062866,-1.5767500400543213,1,0.015525448136031628,0.19996559619903564,0.039789073169231415,-2.288269573824664e-10,-2.738547610903197e-09,2.5039234161376953,0.01552544950088755,0.19996559549170295,2.5039233871003277,0.19948166325912184,0.15767401193533628,0.07957831234632701,0.2502982559247327
0.0,-0.0075,-0.175,0.0,0.0,0,-6.833322458987823e-06,-0.007611593697220087,0.07059510052204132,0.0,1.5707963705062866,-1.5769487619400024,1,0.015525448136031628,0.19996559619903564,0.039789073169231415,-3.43504336086653e-10,-2.974658297461019e-09,2.5039234161376953,0.01552544950088755,0.19996559549170295,2.5039233871003277,0.19948166325912184,0.15767401193533628,0.07957831234632701,0.2502982559247327
0.0,-0.0050000000000000044,-0.175,0.0,0.0,0,-6.823653620813275e-06,-0.00512133352458477,0.07059520483016968,0.0,1.5707963705062866,-1.5771305561065674,1,0.015525448136031628,0.19996559619903564,0.039789073169231415,-6.20705042919667e-10,-2.591249437244869e-09,2.5039234161376953,0.01552544950088755,0.19996559549170295,2.5039233871003277,0.19948166325912184,0.15767401193533628,0.07957831234632701,0.2502982559247327
0.0,-0.0025000000000000022,-0.175,0.0,0.0,0,-6.829029189248104e-06,-0.0026295576244592667,0.07059530168771744,0.0,1.5707963705062866,-1.57730233669281,1,0.015525448136031628,0.19996559619903564,0.039789073169231415,-4.29841717775048e-10,-2.8550846131736307e-09,2.5039234161376953,0.01552544950088755,0.19996559549170295,2.5039233871003277,0.19948166325912184,0.15767401193533628,0.07957831234632701,0.2502982559247327
0.0,0.0,-0.175,0.0,0.0,0,-6.827169727330329e-06,-0.0001369926321785897,0.07059527933597565,0.0,1.5707963705062866,-1.5774658918380737,1,0.015525448136031628,0.19996559619903564,0.039789073169231415,-3.4533687021109927e-10,-2.6992101886946784e-09,2.5039234161376953,0.01552544950088755,0.19996559549170295,2.5039233871003277,0.19948166325912184,0.15767401193533628,0.07957831234632701,0.2502982559247327
0.0,0.0024999999999999953,-0.175,0.0,0.0,0,-6.814049356762553e-06,0.002355573233217001,0.0705953985452652,0.0,1.5707963705062866,-1.5776184797286987,1,0.015525448136031628,0.19996559619903564,0.039789073169231415,1.424895756940714e-10,-2.982919022898045e-09,2.5039234161376953,0.01552544950088755,0.19996559549170295,2.5039233871003277,0.19948166325912184,0.15767401193533628,0.07957831234632701,0.2502982559247327
0.0,0.0049999999999999975,-0.175,0.0,0.0,0,-6.809237675042823e-06,0.0048490287736058235,0.07059546560049057,0.0,1.5707963705062866,-1.5777652263641357,1,0.015525448136031628,0.19996559619903564,0.039789073169231415,3.601591802571136e-10,-3.186468422455846e-09,2.5039234161376953,0.01552544950088755,0.19996559549170295,2.5039233871003277,0.19948166325912184,0.15767401193533628,0.07957831234632701,0.2502982559247327
0.0,0.0075,-0.175,0.0,0.0,0,-6.826953267591307e-06,0.0073418086394667625,0.07059554755687714,0.0,1.5707963705062866,-1.5779005289077759,1,0.015525448136031628,0.19996559619903564,0.039789073169231415,5.495024435475671e-10,-3.3575664470930633e-09,2.5039234161376953,0.01552544950088755,0.19996559549170295,2.5039233871003277,0.19948166325912184,0.15767401193533628,0.07957831234632701,0.2502982559247327
0.0,0.009999999999999995,-0.175,0.0,0.0,0,-6.816714630986098e-06,0.009835658594965935,0.07059551030397415,0.0,1.5707963705062866,-1.5780304670333862,1,0.015525448136031628,0.19996559619903564,0.039789073169231415,8.60802262803162e-10,-2.984488878254865e-09,2.5039234161376953,0.01552544950088755,0.19996559549170295,2.5039233871003277,0.19948166325912184,0.15767401193533628,0.07957831234632701,0.2502982559247327
0.0,0.012499999999999997,-0.175,0.0,0.0,0,-6.811982075305423e-06,0.012329758144915104,0.07059559226036072,0.0,1.5707963705062866,-1.5781511068344116,1,0.015525448136031628,0.19996559619903564,0.039789073169231415,1.2038525731838945e-09,-3.138412418834946e-09,2.5039234161376953,0.01552544950088755,0.19996559549170295,2.5039233871003277,0.19948166325912184,0.15767401193533628,0.07957831234632701,0.2502982559247327
0.0,0.015,-0.175,0.0,0.0,0,-6.811520961491624e-06,0.014824149198830128,0.07059571146965027,0.0,1.5707963705062866,-1.5782655477523804,1,0.015525448136031628,0.19996559619903564,0.039789073169231415,8.90385043472719e-10,-3.0927456151630395e-09,2.5039234161376953,0.01552544950088755,0.19996559549170295,2.5039233871003277,0.19948166325912184,0.15767401193533628,0.07957831234632701,0.2502982559247327
0.0,0.0175,-0.175,0.0,0.0,0,-6.806698365835473e-06,0.017319031059741974,0.07059572637081146,0.0,1.5707963705062866,-1.5783706903457642,1,0.015525448136031628,0.19996559619903564,0.039789073169231415,6.117152895335209e-10,-2.8605049440244557e-09,2.5039234161376953,0.01552544950088755,0.19996559549170295,2.5039233871003277,0.19948166325912184,0.15767401193533628,0.07957831234632701,0.2502982559247327
0.0,0.020000000000000004,-0.175,0.0,0.0,0,-6.7968508119520266e-06,0.019814658910036087,0.07059576362371445,0.0,1.570451021194458,-1.5784717798233032,1,0.015525448136031628,0.19996559619903564,0.039789073169231415,5.880392839330284e-10,-2.8122930650908984e-09,2.5039234161376953,0.01552544950088755,0.19996559549170295,2.5039233871003277,0.19948166325912184,0.15767401193533628,0.07957831234632701,0.2502982559247327
0.0,0.022499999999999992,-0.175,0.0,0.0,0,-6.804938493587542e-06,0.02230970934033394,0.07059581577777863,0.0,1.5707963705062866,-1.5785642862319946,1,0.015525448136031628,0.19996559619903564,0.039789073169231415,5.542565850724657e-10,-2.5243784840256467e-09,2.5039234161376953,0.01552544950088755,0.19996559549170295,2.5039233871003277,0.19948166325912184,0.15767401193533628,0.07957831234632701,0.2502982559247327
0.0,0.024999999999999994,-0.175,0.0,0.0,0,-6.800061328249285e-06,0.024805165827274323,0.07059583812952042,0.0,1.5707963705062866,-1.5786491632461548,1,0.015525448136031628,0.19996559619903564,0.039789073169231415,5.608110087429452e-10,-2.5567761241518383e-09,2.5039234161376953,0.01552544950088755,0.19996559549170295,2.5039233871003277,0.19948166325912184,0.15767401193533628,0.07957831234632701,0.2502982559247327
0.0,0.027499999999999997,-0.175,0.0,0.0,0,-6.799769380450016e-06,0.027301378548145294,0.07059580087661743,0.0,1.5707963705062866,-1.578729271888733,1,0.015525448136031628,0.19996559619903564,0.039789073169231415,7.032365245684957e-10,-2.4421824562637084e-09,2.5039234161376953,0.01552544950088755,0.19996559549170295,2.5039233871003277,0.19948166325912184,0.15767401193533628,0.07957831234632701,0.2502982559247327
0.0,0.03,-0.175,0.0,0.0,0,-6.7950645643577445e-06,0.029798656702041626,0.07059586048126221,0.0,1.5707963705062866,-1.5788087844848633,1,0.015525448136031628,0.19996559619903564,0.039789073169231415,4.177562740181884e-10,-2.187046321822095e-09,2.5039234161376953,0.01552544950088755,0.19996559549170295,2.5039233871003277,0.19948166325912184,0.15767401193533628,0.07957831234632701,0.2502982559247327
0.0,0.0325,-0.175,0.0,0.0,0,-6.784532615711214e-06,0.03229499235749245,0.07059596478939056,0.0,1.5707963705062866,-1.5788823366165161,1,0.015525448136031628,0.19996559619903564,0.039789073169231415,4.0520481414674236e-10,-1.8642205557029e-09,2.5039234161376953,0.01552544950088755,0.19996559549170295,2.5039233871003277,0.19948166325912184,0.15767401193533628,0.07957831234632701,0.2502982559247327
0.0,0.035,-0.175,0.0,0.0,0,-6.799156381021021e-06,0.03479190170764923,0.07059591263532639,0.0,1.570451021194458,-1.5789529085159302,1,0.015525448136031628,0.19996559619903564,0.039789073169231415,1.0907641456725514e-10,-1.957545014974471e-09,2.5039234161376953,0.01552544950088755,0.19996559549170295,2.5039233871003277,0.19948166325912184,0.15767401193533628,0.07957831234632701,0.2502982559247327
0.0,0.037500000000000006,-0.175,0.0,0.0,0,-6.79636514178128e-06,0.03728826716542244,0.07059596478939056,0.0,1.5707963705062866,-1.5790174007415771,1,0.015525448136031628,0.19996559619903564,0.039789073169231415,4.96086782764138e-10,-2.3824058281718408e-09,2.5039234161376953,0.01552544950088755,0.19996559549170295,2.5039233871003277,0.19948166325912184,0.15767401193533628,0.07957831234632701,0.2502982559247327
0.0,0.039999999999999994,-0.175,0.0,0.0,0,-6.785894584027119e-06,0.039785098284482956,0.07059596478939056,0.0,1.5707963705062866,-1.579073429107666,1,0.015525448136031628,0.19996559619903564,0.039789073169231415,4.1217562696260757e-10,-2.2202677474325583e-09,2.5039234161376953,0.01552544950088755,0.19996559549170295,2.5039233871003277,0.19948166325912184,0.15767401193533628,0.07957831234632701,0.2502982559247327
0.0,0.042499999999999996,-0.175,0.0,0.0,0,-6.779187970096245e-06,0.04228318855166435,0.07059603184461594,0.0,1.5707963705062866,-1.5791314840316772,1,0.015525448136031628,0.19996559619903564,0.039789073169231415,-6.207745428810085e-11,-1.7936794272088719e-09,2.5039234161376953,0.01552544950088755,0.19996559549170295,2.5039233871003277,0.19948166325912184,0.15767401193533628,0.07957831234632701,0.2502982559247327
0.0,0.045,-0.175,0.0,0.0,0,-6.783342541893944e-06,0.04478080943226814,0.07059614360332489,0.0,1.5707963705062866,-1.579184889793396,1,0.015525448136031628,0.19996559619903564,0.039789073169231415,-1.8516821409519935e-10,-1.6101632249743147e-09,2.5039234161376953,0.01552544950088755,0.19996559549170295,2.5039233871003277,0.19948166325912184,0.15767401193533628,0.07957831234632701,0.2502982559247327
0.0,0.0475,-0.175,0.0,0.0,0,-6.7727869463851675e-06,0.04727794975042343,0.07059615850448608,0.0,1.5703080892562866,-1.5792285203933716,1,0.015525448136031628,0.19996559619903564,0.039789073169231415,-2.883480676452166e-10,-9.272424494888298e-10,2.5039234161376953,0.01552544950088755,0.19996559549170295,2.5039233871003277,0.19948166325912184,0.15767401193533628,0.07957831234632701,0.2502982559247327
0.0,0.05,-0.175,0.0,0.0,0,-6.7767164182441775e-06,0.04977558180689812,0.07059607654809952,0.0,1.5707963705062866,-1.579269528388977,1,0.015525448136031628,0.19996559619903564,0.039789073169231415,-6.275880926054356e-10,-6.422933296335032e-10,2.5039234161376953,0.01552544950088755,0.19996559549170295,2.5039233871003277,0.19948166325912184,0.15767401193533628,0.07957831234632701,0.2502982559247327
0.0,0.052500000000000005,-0.175,0.0,0.0,0,-6.791472515033092e-06,0.05227470025420189,0.07059615850448608,0.0,1.5703080892562866,-1.5793119668960571,1,0.015525448136031628,0.19996559619903564,0.039789073169231415,-4.983246038037237e-10,-1.9310072985057047e-10,2.5039234161376953,0.01552544950088755,0.19996559549170295,2.5039233871003277,0.19948166325912184,0.15767401193533628,0.07957831234632701,0.2502982559247327
0.0,0.05499999999999999,-0.175,0.0,0.0,0,-6.775279871362727e-06,0.05477273091673851,0.07059609889984131,0.0,1.5703080892562866,-1.5793510675430298,1,0.015525448136031628,0.19996559619903564,0.039789073169231415,-2.4072602244906705e-10,-5.950412940158856e-10,2.5039234161376953,0.01552544950088755,0.19996559549170295,2.5039233871003277,0.19948166325912184,0.15767401193533628,0.07957831234632701,0.2502982559247327
0.0,0.057499999999999996,-0.175,0.0,0.0,0,-6.774700523237698e-06,0.05727005749940872,0.07059619575738907,0.0,1.5707963705062866,-1.5793898105621338,1,0.015525448136031628,0.19996559619903564,0.039789073169231415,1.8369417098540453e-10,-7.818526936986814e-10,2.5039234161376953,0.01552544950088755,0.19996559549170295,2.5039233871003277,0.19948166325912184,0.15767401193533628,0.07957831234632701,0.2502982559247327
0.0,0.06,-0.175,0.0,0.0,0,-6.7793357629852835e-06,0.05976836383342743,0.07059632986783981,0.0,1.5707963705062866,-1.5794137716293335,1,0.015525448136031628,0.19996559619903564,0.039789073169231415,7.307364435771291e-11,-1.5439483025403433e-10,2.5039234161376953,0.01552544950088755,0.19996559549170295,2.5039233871003277,0.19948166325912184,0.15767401193533628,0.07957831234632701,0.2502982559247327
0.0,0.0625,-0.175,0.0,0.0,0,-6.767167178622913e-06,0.062268808484077454,0.07059632986783981,0.0,1.5707963705062866,-1.5794360637664795,1,0.015525448136031628,0.19996559619903564,0.039789073169231415,6.11435901909374e-10,-5.095138755351059e-10,2.5039234161376953,0.01552544950088755,0.19996559549170295,2.5039233871003277,0.19948166325912184,0.15767401193533628,0.07957831234632701,0.2502982559247327
0.0,0.065,-0.175,0.0,0.0,0,-6.7731152739725076e-06,0.06476890295743942,0.07059627026319504,0.0,1.5707963705062866,-1.5794620513916016,1,0.015525448136031628,0.19996559619903564,0.039789073169231415,9.031571601703092e-10,-7.278058711257529e-10,2.5039234161376953,0.01552544950088755,0.19996559549170295,2.5039233871003277,0.19948166325912184,0.15767401193533628,0.07957831234632701,0.2502982559247327
0.0,0.0675,-0.175,0.0,0.0,0,-6.767356353520881e-06,0.06726735085248947,0.07059630006551743,0.0,1.5707963705062866,-1.57948899269104,1,0.015525448136031628,0.19996559619903564,0.039789073169231415,5.192070107185032e-10,-2.6879681813696266e-10,2.5039234161376953,0.01552544950088755,0.19996559549170295,2.5039233871003277,0.19948166325912184,0.15767401193533628,0.07957831234632701,0.2502982559247327
0.0,0.06999999999999999,-0.175,0.0,0.0,0,-6.7674477577384096e-06,0.06976568698883057,0.07059629261493683,0.0,1.5707963705062866,-1.5795059204101562,1,0.015525448136031628,0.19996559619903564,0.039789073169231415,8.591253819467681e-10,-9.02979246930613e-10,2.5039234161376953,0.01552544950088755,0.19996559549170295,2.5039233871003277,0.19948166325912184,0.15767401193533628,0.07957831234632701,0.2502982559247327
0.0,0.0725,-0.175,0.0,0.0,0,-6.759515144949546e-06,0.07226509600877762,0.07059632241725922,0.0,1.5707963705062866,-1.5795297622680664,1,0.015525448136031628,0.19996559619903564,0.039789073169231415,5.449498630127891e-10,-7.21196879993613e-10,2.5039234161376953,0.01552544950088755,0.19996559549170295,2.5039233871003277,0.19948166325912184,0.15767401193533628,0.07957831234632701,0.2502982559247327
0.0,0.075,-0.175,0.0,0.0,0,-6.75975297781406e-06,0.0747639536857605,0.07059631496667862,0.0,1.5707963705062866,-1.5795488357543945,1,0.015525448136031628,0.19996559619903564,0.039789073169231415,6.172409805493828e-10,-7.257295875362502e-10,2.5039234161376953,0.01552544950088755,0.19996559549170295,2.5039233871003277,0.19948166325912184,0.15767401193533628,0.07957831234632701,0.2502982559247327
0.0,0.0775,-0.175,0.0,0.0,0,-6.756810307706473e-06,0.07726362347602844,0.07059633731842041,0.0,1.5707963705062866,-1.5795705318450928,1,0.015525448136031628,0.19996559619903564,0.039789073169231415,1.0438860886807788e-09,-1.2219705247673573e-09,2.5039234161376953,0.01552544950088755,0.19996559549170295,2.5039233871003277,0.19948166325912184,0.15767401193533628,0.07957831234632701,0.2502982559247327
0.0,0.08,-0.175,0.0,0.0,0,-6.760295946151018e-06,0.0797620490193367,0.07059666514396667,0.0,1.5707963705062866,-1.5795834064483643,1,0.015525448136031628,0.19996559619903564,0.039789073169231415,9.11787756407989e-10,-1.5123823304818984e-09,2.5039234161376953,0.01552544950088755,0.19996559549170295,2.5039233871003277,0.19948166325912184,0.15767401193533628,0.07957831234632701,0.2502982559247327
0.0,0.0825,-0.175,0.0,0.0,0,-6.754786227247678e-06,0.08226198703050613,0.07059662789106369,0.0,1.5707963705062866,-1.5796031951904297,1,0.015525448136031628,0.19996559619903564,0.039789073169231415,7.610767571719634e-10,-1.0974989805845325e-09,2.5039234161376953,0.01552544950088755,0.19996559549170295,2.5039233871003277,0.19948166325912184,0.15767401193533628,0.07957831234632701,0.2502982559247327
0.0,0.085,-0.175,0.0,0.0,0,0.0005047899903729558,0.0841207504272461,0.0706237405538559,0.0,1.5701982975006104,-1.579578161239624,1,0.01548042707145214,0.20001216232776642,0.03978883475065231,-2.0511461116257124e-06,-2.0537804630293977e-06,2.5035574436187744,0.01552544950088755,0.19996559549170295,2.5039233871003277,0.19948166325912184,0.15767401193533628,0.07957831234632701,0.2502982559247327
0.0,0.08750000000000001,-0.175,0.0,0.0,0,0.0014100463595241308,0.08544262498617172,0.07062167674303055,0.0,1.5699505805969238,-1.5795636177062988,1,0.015449708327651024,0.20004408061504364,0.039788857102394104,-2.782253886834951e-06,-2.206005319749238e-06,2.5033092498779297,0.01552544950088755,0.19996559549170295,2.5039233871003277,0.19948166325912184,0.15767401193533628,0.07957831234632701,0.2502982559247327
0.0,0.09000000000000001,-0.175,0.0,0.0,0,0.002335252473130822,0.08682392537593842,0.07059844583272934,0.0,1.5700242519378662,-1.5795373916625977,1,0.01540801115334034,0.20008721947669983,0.03978882357478142,-3.344730657772743e-06,-1.8407280322207953e-06,2.502971887588501,0.01552544950088755,0.19996559549170295,2.5039233871003277,0.19948166325912184,0.15767401193533628,0.07957831234632701,0.2502982559247327
0.0,0.09250000000000001,-0.175,0.0,0.0,0,0.0032541132532060146,0.08823362737894058,0.07055752724409103,0.0,1.569882869720459,-1.5795040130615234,1,0.015353257767856121,0.20014414191246033,0.03978883847594261,-4.783548320119735e-06,-2.6768075258587487e-06,2.502528667449951,0.01552544950088755,0.19996559549170295,2.5039233871003277,0.19948166325912184,0.15767401193533628,0.07957831234632701,0.2502982559247327
0.0,0.09499999999999999,-0.175,0.0,0.0,0,0.004148207604885101,0.0896579921245575,0.07049021869897842,0.0,1.569882869720459,-1.5794744491577148,1,0.015281242318451405,0.2002190798521042,0.03978884965181351,-5.131144462211523e-06,-3.035532472495106e-06,2.501943588256836,0.01552544950088755,0.19996559549170295,2.5039233871003277,0.19948166325912184,0.15767401193533628,0.07957831234632701,0.2502982559247327
0.0,0.09749999999999999,-0.175,0.0,0.0,0,0.005001328885555267,0.09110745787620544,0.0703912228345871,0.0,1.5698198080062866,-1.5794565677642822,1,0.015181091614067554,0.20032265782356262,0.039788808673620224,-5.263528692012187e-06,-2.967604359582765e-06,2.50113582611084,0.01552544950088755,0.19996559549170295,2.5039233871003277,0.19948166325912184,0.15767401193533628,0.07957831234632701,0.2502982559247327
0.0,0.09999999999999999,-0.175,0.0,0.0,0,0.00580110028386116,0.09259378165006638,0.07025517523288727,0.0,1.5698198080062866,-1.5794281959533691,1,0.015042481943964958,0.2004643678665161,0.03978901728987694,-4.3649538383760955e-06,-1.675051521488058e-06,2.500004529953003,0.01552544950088755,0.19996559549170295,2.5039233871003277,0.19948166325912184,0.15767401193533628,0.07957831234632701,0.2502982559247327
0.0,0.1025,-0.175,0.0,0.0,0,0.0065265242010355,0.09415693581104279,0.07009125500917435,0.0,1.569704532623291,-1.5794217586517334,1,0.014847731217741966,0.20068295300006866,0.039789024740457535,-1.1866399063364952e-06,-3.702262176830118e-07,2.4984209537506104,0.01552544950088755,0.19996559549170295,2.5039233871003277,0.19948166325912184,0.15767401193533628,0.07957831234632701,0.2502982559247327
0.0,0.105,-0.175,0.0,0.0,0,0.007171784061938524,0.09580252319574356,0.06992170214653015,0.0,1.5697605609893799,-1.579404354095459,1,0.014599330723285675,0.20099711418151855,0.039789002388715744,-7.290803978321492e-07,-7.288539336514077e-07,2.4964003562927246,0.01552544950088755,0.19996559549170295,2.5039233871003277,0.19948166325912184,0.15767401193533628,0.07957831234632701,0.2502982559247327
0.0,0.1075,-0.175,0.0,0.0,0,0.007734914310276508,0.09753454476594925,0.06974927335977554,0.0,1.5697605609893799,-1.5793848037719727,1,0.01436607725918293,0.20149211585521698,0.03978901356458664,-8.333443020092091e-07,-1.0235339686914813e-08,2.4936792850494385,0.01552544950088755,0.19996559549170295,2.5039233871003277,0.19948166325912184,0.15767401193533628,0.07957831234632701,0.2502982559247327
0.0,0.11,-0.175,0.0,0.0,0,0.008112076669931412,0.09950676560401917,0.06960040330886841,0.0,1.569704532623291,-1.5794038772583008,1,0.013819849118590355,0.20214807987213135,0.03978941589593887,-1.3302355000632815e-05,-8.850065569276921e-08,2.492126941680908,0.01552544950088755,0.19996559549170295,2.5039233871003277,0.19948166325912184,0.15767401193533628,0.07957831234632701,0.2502982559247327
0.0,0.1125,-0.175,0.0,0.0,0,0.0077964188531041145,0.10238011181354523,0.06946614384651184,0.0,1.5696003437042236,-1.579406499862671,1,0.012498416006565094,0.2035558521747589,0.03970186784863472,0.0008743429207243025,-0.0006710122688673437,2.489753246307373,0.01552544950088755,0.19996559549170295,2.5039233871003277,0.19948166325912184,0.15767401193533628,0.07957831234632701,0.2502982559247327
0.0,0.115,-0.175,0.0,0.0,0,0.007152796722948551,0.10524879395961761,0.06933674216270447,0.0,1.5695044994354248,-1.5794001817703247,1,0.011228153482079506,0.2054356336593628,0.03978811204433441,8.853421604726464e-06,-7.57790076022502e-06,2.486743927001953,0.01552544950088755,0.19996559549170295,2.5039233871003277,0.19948166325912184,0.15767401193533628,0.07957831234632701,0.2502982559247327
0.0,0.11750000000000001,-0.175,0.0,0.0,0,0.006807013414800167,0.10810478031635284,0.06918441504240036,0.0,1.5696003437042236,-1.5793936252593994,1,0.010066963732242584,0.20708796381950378,0.039789073169231415,-3.3759599205041013e-07,-1.964679654520296e-07,2.484060287475586,0.01552544950088755,0.19996559549170295,2.5039233871003277,0.19948166325912184,0.15767401193533628,0.07957831234632701,0.2502982559247327
0.0,0.12000000000000001,-0.175,0.0,0.0,0,0.006777248345315456,0.11076611280441284,0.06903555244207382,0.0,1.5696003437042236,-1.579389214515686,1,0.00911335926502943,0.2084440439939499,0.03978906199336052,-2.5471445042057894e-07,-3.42488249316375e-07,2.481865406036377,0.01552544950088755,0.19996559549170295,2.5039233871003277,0.19948166325912184,0.15767401193533628,0.07957831234632701,0.2502982559247327
0.0,0.12250000000000001,-0.175,0.0,0.0,0,0.006865561939775944,0.11325247585773468,0.06889811158180237,0.0,1.5695044994354248,-1.5793933868408203,1,0.008271479047834873,0.20963943004608154,0.0397893451154232,-1.1301414815534372e-05,4.610496944223996e-07,2.479893207550049,0.01552544950088755,0.19996559549170295,2.5039233871003277,0.19948166325912184,0.15767401193533628,0.07957831234632701,0.2502982559247327
0.0,0.125,-0.175,0.0,0.0,0,0.006931941490620375,0.11568078398704529,0.06877575814723969,0.0,1.569704532623291,-1.5793778896331787,1,0.007434202823787928,0.21081939339637756,0.03978932276368141,-9.19874401006382e-06,-1.4024033134774072e-06,2.4778761863708496,0.01552544950088755,0.19996559549170295,2.5039233871003277,0.19948166325912184,0.15767401193533628,0.07957831234632701,0.2502982559247327
0.0,0.1275,-0.175,0.0,0.0,0,0.006921773310750723,0.11805906891822815,0.06875744462013245,0.0,1.5696003437042236,-1.5793650150299072,1,0.006575486157089472,0.21202751994132996,0.039787374436855316,9.878156561171636e-06,1.330960094492184e-05,2.4757847785949707,0.01552544950088755,0.19996559549170295,2.5039233871003277,0.19948166325912184,0.15767401193533628,0.07957831234632701,0.2502982559247327
0.0,0.13,-0.175,0.0,0.0,0,0.0068722739815711975,0.12054403871297836,0.06863703578710556,0.0,1.5695514678955078,-1.579362154006958,1,0.005656789988279343,0.21331994235515594,0.03978907689452171,-2.0577776638219802e-07,1.371520141901783e-08,2.4735586643218994,0.01552544950088755,0.19996559549170295,2.5039233871003277,0.19948166325912184,0.15767401193533628,0.07957831234632701,0.2502982559247327
0.0,0.1325,-0.175,0.0,0.0,0,0.006760674528777599,0.12190309166908264,0.06857573986053467,0.0,1.5695044994354248,-1.579329013824463,1,0.0051136682741343975,0.21408414840698242,0.0397891029715538,-3.66396534445812e-07,-2.523042041957524e-07,2.47224760055542,0.01552544950088755,0.19996559549170295,2.5039233871003277,0.19948166325912184,0.15767401193533628,0.07957831234632701,0.2502982559247327
0.0,0.135,-0.175,0.0,0.0,0,0.00683542899787426,0.1249459758400917,0.0684320330619812,0.0,1.5695044994354248,-1.579345703125,1,0.0040418594144284725,0.21559274196624756,0.03978932276368141,-7.689811354794074e-06,2.8458043743739836e-07,2.469665765762329,0.01552544950088755,0.19996559549170295,2.5039233871003277,0.19948166325912184,0.15767401193533628,0.07957831234632701,0.2502982559247327
0.0,0.1375,-0.175,0.0,0.0,0,0.006823060102760792,0.1281265765428543,0.06830373406410217,0.0,1.5696003437042236,-1.5793285369873047,1,0.0028724349103868008,0.21723619103431702,0.03978929668664932,-7.323541922232835e-06,-1.5495186289626872e-06,2.4668667316436768,0.01552544950088755,0.19996559549170295,2.5039233871003277,0.19948166325912184,0.15767401193533628,0.07957831234632701,0.2502982559247327
0.0,0.14,-0.175,0.0,0.0,0,0.006777717731893063,0.13083496689796448,0.06837579607963562,0.0,1.5695514678955078,-1.5793051719665527,1,0.0018549531232565641,0.21866627037525177,0.03978575021028519,2.019740168179851e-05,2.5969731723307632e-05,2.464444637298584,0.01552544950088755,0.19996559549170295,2.5039233871003277,0.19948166325912184,0.15767401193533628,0.07957831234632701,0.2502982559247327
0.0,0.14250000000000002,-0.175,0.0,0.0,0,0.006768771447241306,0.13329251110553741,0.06835053861141205,0.0,1.5695514678955078,-1.5793042182922363,1,0.0009432267397642136,0.21994741261005402,0.03978900611400604,4.371485928800212e-08,2.095448934369415e-07,2.462290048599243,0.01552544950088755,0.19996559549170295,2.5039233871003277,0.19948166325912184,0.15767401193533628,0.07957831234632701,0.2502982559247327
0.0,0.14500000000000002,-0.175,0.0,0.0,0,0.006712712347507477,0.13449236750602722,0.06833574920892715,0.0,1.5696003437042236,-1.5792593955993652,1,0.0004730268265120685,0.22060906887054443,0.039789117872714996,-3.560359346010955e-06,2.4989983558043605e-06,2.4611780643463135,0.01552544950088755,0.19996559549170295,2.5039233871003277,0.19948166325912184,0.15767401193533628,0.07957831234632701,0.2502982559247327
0.0,0.14750000000000002,-0.175,0.0,0.0,0,0.006795336492359638,0.13624781370162964,0.06833558529615402,0.0,1.5696003437042236,-1.5792574882507324,1,-0.00013321885489858687,0.22148971259593964,0.039789024740457535,-3.8433972804341465e-07,3.0524608973792056e-07,2.460052967071533,0.01552544950088755,0.19996559549170295,2.5039233871003277,0.19948166325912184,0.15767401193533628,0.07957831234632701,0.2502982559247327
0.0,0.15000000000000002,-0.175,0.0,0.0,0,0.006951772607862949,0.1398661583662033,0.06833343207836151,0.0,1.5696512460708618,-1.5792739391326904,1,-0.0013944472884759307,0.22332164645195007,0.03978899493813515,-2.2824394818599103e-08,4.786077738572203e-07,2.457730531692505,0.01552544950088755,0.19996559549170295,2.5039233871003277,0.19948166325912184,0.15767401193533628,0.07957831234632701,0.2502982559247327
0.0,0.15250000000000002,-0.175,0.0,0.0,0,0.006827802862972021,0.14210084080696106,0.06833186745643616,0.0,1.5695044994354248,-1.5792362689971924,1,-0.002276417100802064,0.22460296750068665,0.03978901728987694,-7.159158030844992e-07,5.406178047451249e-07,2.4561195373535156,0.01552544950088755,0.19996559549170295,2.5039233871003277,0.19948166325912184,0.15767401193533628,0.07957831234632701,0.2502982559247327
0.0,0.15500000000000003,-0.175,0.0,0.0,0,0.006757539696991444,0.14551565051078796,0.06832952797412872,0.0,1.5696003437042236,-1.5792208909988403,1,-0.003575191367417574,0.22648978233337402,0.03978903964161873,-2.7132571744914458e-08,3.8752506270611775e-07,2.453798294067383,0.01552544950088755,0.19996559549170295,2.5039233871003277,0.19948166325912184,0.15767401193533628,0.07957831234632701,0.2502982559247327
0.0,0.15750000000000003,-0.175,0.0,0.0,0,0.006735869217664003,0.14641447365283966,0.06832854449748993,0.0,1.5694152116775513,-1.5791971683502197,1,-0.003919259179383516,0.22699002921581268,0.039789021015167236,-2.855200591511675e-07,4.2674622591221123e-07,2.4531948566436768,0.01552544950088755,0.19996559549170295,2.5039233871003277,0.19948166325912184,0.15767401193533628,0.07957831234632701,0.2502982559247327
0.0,0.15999999999999998,-0.175,0.0,0.0,0,0.006760871969163418,0.14890891313552856,0.06832589954137802,0.0,1.5695044994354248,-1.5791902542114258,1,-0.00483760004863143,0.22832584381103516,0.03978901356458664,-3.9990752043195243e-08,5.503202373802196e-07,2.4516031742095947,0.01552544950088755,0.19996559549170295,2.5039233871003277,0.19948166325912184,0.15767401193533628,0.07957831234632701,0.2502982559247327
0.0,0.16249999999999998,-0.175,0.0,0.0,0,0.0067677609622478485,0.15146851539611816,0.06832129508256912,0.0,1.569459080696106,-1.5791672468185425,1,-0.005791197996586561,0.22971384227275848,0.03978899493813515,-4.2449170223335386e-07,4.18630975218548e-07,2.449981927871704,0.01552544950088755,0.19996559549170295,2.5039233871003277,0.19948166325912184,0.15767401193533628,0.07957831234632701,0.2502982559247327
0.0,0.16499999999999998,-0.175,0.0,0.0,0,0.006747129373252392,0.15401142835617065,0.06831592321395874,0.0,1.5695044994354248,-1.5791434049606323,1,-0.006745780818164349,0.23112547397613525,0.039788998663425446,-1.5012683718396147e-07,5.505962121787888e-07,2.448540687561035,0.01552544950088755,0.19996559549170295,2.5039233871003277,0.19948166325912184,0.15767401193533628,0.07957831234632701,0.2502982559247327
0.0,0.16749999999999998,-0.175,0.0,0.0,0,0.0065849353559315205,0.15793687105178833,0.06840244680643082,0.0,1.5696003437042236,-1.5791338682174683,1,-0.008209722116589546,0.23348169028759003,0.039738256484270096,-4.059961793245748e-05,-2.8911348636029288e-05,2.4471328258514404,0.01552544950088755,0.19996559549170295,2.5039233871003277,0.19948166325912184,0.15767401193533628,0.07957831234632701,0.2502982559247327
0.0,0.16999999999999998,-0.175,0.0,0.0,0,0.0059122564271092415,0.1599258929491043,0.06845710426568985,0.0,1.5696512460708618,-1.5790988206863403,1,-0.008886478841304779,0.2354704886674881,0.03978836163878441,3.438289240875747e-06,-7.986823220562655e-06,2.447240114212036,0.01552544950088755,0.19996559549170295,2.5039233871003277,0.19948166325912184,0.15767401193533628,0.07957831234632701,0.2502982559247327
0.0,0.1725,-0.175,0.0,0.0,0,0.0052324640564620495,0.1620824933052063,0.06846469640731812,0.0,1.5695044994354248,-1.5790654420852661,1,-0.009567098692059517,0.23762667179107666,0.039788827300071716,2.0939532987540588e-06,-2.385048674113932e-06,2.4472973346710205,0.01552544950088755,0.19996559549170295,2.5039233871003277,0.19948166325912184,0.15767401193533628,0.07957831234632701,0.2502982559247327
0.0,0.175,-0.175,0.0,0.0,0,0.004569948650896549,0.1643558144569397,0.06846772879362106,0.0,1.5696512460708618,-1.579046368598938,1,-0.010231174528598785,0.23989930748939514,0.03978889808058739,-1.0366500191594241e-06,-2.9894124509155517e-06,2.447375535964966,0.01552544950088755,0.19996559549170295,2.5039233871003277,0.19948166325912184,0.15767401193533628,0.07957831234632701,0.2502982559247327
0.0,0.1775,-0.175,0.0,0.0,0,0.003930908627808094,0.16668733954429626,0.06847060471773148,0.0,1.569704532623291,-1.5790059566497803,1,-0.010871081613004208,0.24223032593727112,0.03978872299194336,-1.1207185934836161e-06,-5.1659858399943914e-06,2.447445869445801,0.01552544950088755,0.19996559549170295,2.5039233871003277,0.19948166325912184,0.15767401193533628,0.07957831234632701,0.2502982559247327
0.0,0.18,-0.175,0.0,0.0,0,0.003339896211400628,0.1690417379140854,0.06847713887691498,0.0,1.569704532623291,-1.5789735317230225,1,-0.011463330127298832,0.2445840835571289,0.039788857102394104,-3.56184955307981e-07,9.852873290583375e-07,2.447505474090576,0.01552544950088755,0.19996559549170295,2.5039233871003277,0.19948166325912184,0.15767401193533628,0.07957831234632701,0.2502982559247327
0.0,0.1825,-0.175,0.0,0.0,0,0.0027893208898603916,0.1714031845331192,0.06847929954528809,0.0,1.569704532623291,-1.578937292098999,1,-0.012014877051115036,0.2469448745250702,0.03978877514600754,-6.731932558068365e-07,-1.7298284546996001e-06,2.4476189613342285,0.01552544950088755,0.19996559549170295,2.5039233871003277,0.19948166325912184,0.15767401193533628,0.07957831234632701,0.2502982559247327
0.0,0.185,-0.175,0.0,0.0,0,0.002273641061037779,0.17377598583698273,0.06848261505365372,0.0,1.5696512460708618,-1.5789154767990112,1,-0.01253169309347868,0.24931709468364716,0.0397888720035553,-2.709944283196819e-06,1.1532060852914583e-06,2.447719097137451,0.01552544950088755,0.19996559549170295,2.5039233871003277,0.19948166325912184,0.15767401193533628,0.07957831234632701,0.2502982559247327
0.0,0.1875,-0.175,0.0,0.0,0,0.001790410839021206,0.17616760730743408,0.06848309934139252,0.0,1.569704532623291,-1.578872561454773,1,-0.013016427867114544,0.251707524061203,0.0397888645529747,-1.5039994423204917e-06,3.8672569644404575e-06,2.447774648666382,0.01552544950088755,0.19996559549170295,2.5039233871003277,0.19948166325912184,0.15767401193533628,0.07957831234632701,0.2502982559247327
0.0,0.19,-0.175,0.0,0.0,0,0.001333186635747552,0.17858362197875977,0.06848285347223282,0.0,1.5698198080062866,-1.5788284540176392,1,-0.013474282808601856,0.254123717546463,0.039788760244846344,-2.174284645661828e-06,6.780489911761833e-07,2.447862148284912,0.01552544950088755,0.19996559549170295,2.5039233871003277,0.19948166325912184,0.15767401193533628,0.07957831234632701,0.2502982559247327
0.0,0.1925,-0.175,0.0,0.0,0,0.000906220288015902,0.18101945519447327,0.06848347187042236,0.0,1.569704532623291,-1.578786015510559,1,-0.01390256267040968,0.2565588355064392,0.03978874906897545,-3.972141257690964e-06,1.2671051763391006e-06,2.447941303253174,0.01552544950088755,0.19996559549170295,2.5039233871003277,0.19948166325912184,0.15767401193533628,0.07957831234632701,0.2502982559247327
0.0,0.195,-0.175,0.0,0.0,0,0.0005109455087222159,0.18347026407718658,0.06848271191120148,0.0,1.569882869720459,-1.5787452459335327,1,-0.014298570342361927,0.25900864601135254,0.03978857770562172,-2.4384798962273635e-06,5.601396424026461e-06,2.4480438232421875,0.01552544950088755,0.19996559549170295,2.5039233871003277,0.19948166325912184,0.15767401193533628,0.07957831234632701,0.2502982559247327
0.0,0.1975,-0.175,0.0,0.0,0,0.00014563938020728528,0.18593420088291168,0.06848421692848206,0.0,1.5697605609893799,-1.5787197351455688,1,-0.014665784314274788,0.2614709734916687,0.039789214730262756,-1.4713227756146807e-06,9.767903065949213e-06,2.4481377601623535,0.01552544950088755,0.19996559549170295,2.5039233871003277,0.19948166325912184,0.15767401193533628,0.07957831234632701,0.2502982559247327
0.0,0.2,-0.175,0.0,0.0,0,-0.0001940360089065507,0.18840782344341278,0.06848511844873428,0.0,1.5698198080062866,-1.5786858797073364,1,-0.01500658504664898,0.2639438807964325,0.03978913277387619,-2.9043981157883536e-06,1.5508987416978925e-05,2.4481985569000244,0.01552544950088755,0.19996559549170295,2.5039233871003277,0.19948166325912184,0.15767401193533628,0.07957831234632701,0.2502982559247327
0.0,0.2025,-0.175,0.0,0.0,0,-0.00037091411650180817,0.19088058173656464,0.06855282187461853,0.0,1.5698198080062866,-1.5786480903625488,1,-0.015182046219706535,0.2664167881011963,0.03978749364614487,1.1366872058715671e-05,-1.1419553629821166e-05,2.448272466659546,0.01552544950088755,0.19996559549170295,2.5039233871003277,0.19948166325912184,0.15767401193533628,0.07957831234632701,0.2502982559247327
0.0,0.20500000000000002,-0.175,0.0,0.0,0,-0.0005095936357975006,0.19343195855617523,0.06855468451976776,0.0,1.5698198080062866,-1.5786105394363403,1,-0.01532069407403469,0.26896703243255615,0.03978900611400604,4.2651882381505857e-07,8.353822522622067e-09,2.448265790939331,0.01552544950088755,0.19996559549170295,2.5039233871003277,0.19948166325912184,0.15767401193533628,0.07957831234632701,0.2502982559247327
0.0,0.20750000000000002,-0.175,0.0,0.0,0,-0.0006451696390286088,0.19598300755023956,0.06855424493551254,0.0,1.5699505805969238,-1.5785725116729736,1,-0.015456479974091053,0.2715173661708832,0.03978893533349037,-8.969311693363125e-07,1.469021867706033e-06,2.44826602935791,0.01552544950088755,0.19996559549170295,2.5039233871003277,0.19948166325912184,0.15767401193533628,0.07957831234632701,0.2502982559247327
0.0,0.21000000000000002,-0.175,0.0,0.0,0,-0.0007779805455356836,0.1985030174255371,0.06855355203151703,0.0,1.5698198080062866,-1.5785313844680786,1,-0.015589239075779915,0.2740369141101837,0.0397888608276844,1.8749614127955283e-07,2.6361658456153236e-06,2.448263645172119,0.01552544950088755,0.19996559549170295,2.5039233871003277,0.19948166325912184,0.15767401193533628,0.07957831234632701,0.2502982559247327
0.0,0.21250000000000002,-0.175,0.0,0.0,0,-0.0009026959887705743,0.20099639892578125,0.0685538724064827,0.0,1.5698198080062866,-1.5785013437271118,1,-0.01571495831012726,0.2765299677848816,0.039789166301488876,-1.1266538422205485e-06,4.150547283643391e-06,2.4482834339141846,0.01552544950088755,0.19996559549170295,2.5039233871003277,0.19948166325912184,0.15767401193533628,0.07957831234632701,0.2502982559247327
0.0,0.21500000000000002,-0.175,0.0,0.0,0,-0.0010200025280937552,0.20348306000232697,0.06855374574661255,0.0,1.5698198080062866,-1.5784748792648315,1,-0.015832535922527313,0.2790161371231079,0.0397891104221344,-1.9338426682224963e-06,5.713146492780652e-06,2.4482874870300293,0.01552544950088755,0.19996559549170295,2.5039233871003277,0.19948166325912184,0.15767401193533628,0.07957831234632701,0.2502982559247327
0.0,0.21750000000000003,-0.175,0.0,0.0,0,-0.0011313707800582051,0.2059715986251831,0.06855358928442001,0.0,1.569882869720459,-1.5784262418746948,1,-0.01594390533864498,0.2815043032169342,0.03978913277387619,-1.6248575320787495e-06,6.158725227578543e-06,2.4482901096343994,0.01552544950088755,0.19996559549170295,2.5039233871003277,0.19948166325912184,0.15767401193533628,0.07957831234632701,0.2502982559247327
0.0,0.22000000000000003,-0.175,0.0,0.0,0,-0.0012393520446494222,0.2084728479385376,0.06855557858943939,0.0,1.5699505805969238,-1.5784177780151367,1,-0.016051866114139557,0.2840052843093872,0.039787933230400085,1.1101520613010507e-05,-8.810655344859697e-06,2.448291063308716,0.01552544950088755,0.19996559549170295,2.5039233871003277,0.19948166325912184,0.15767401193533628,0.07957831234632701,0.2502982559247327
0.0,0.22250000000000003,-0.175,0.0,0.0,0,-0.001340709044598043,0.21097242832183838,0.06855712831020355,0.0,1.5699505805969238,-1.5783874988555908,1,-0.01615351252257824,0.28650444746017456,0.039788927882909775,4.881426320935134e-07,2.9363417297645356e-07,2.4482884407043457,0.01552544950088755,0.19996559549170295,2.5039233871003277,0.19948166325912184,0.15767401193533628,0.07957831234632701,0.2502982559247327
0.0,0.22500000000000003,-0.175,0.0,0.0,0,-0.001440192572772503,0.21347682178020477,0.06855680793523788,0.0,1.5698198080062866,-1.5783549547195435,1,-0.016253020614385605,0.2890084385871887,0.03978889435529709,-3.115454774160753e-07,2.053592424999806e-06,2.448286294937134,0.01552544950088755,0.19996559549170295,2.5039233871003277,0.19948166325912184,0.15767401193533628,0.07957831234632701,0.2502982559247327
0.0,0.22750000000000004,-0.175,0.0,0.0,0,-0.0015389088075608015,0.21597769856452942,0.06855665147304535,0.0,1.5698198080062866,-1.578339695930481,1,-0.016352109611034393,0.2915092706680298,0.039788924157619476,-6.84855194776901e-08,1.696538447504281e-06,2.448291301727295,0.01552544950088755,0.19996559549170295,2.5039233871003277,0.19948166325912184,0.15767401193533628,0.07957831234632701,0.2502982559247327
0.0,0.23000000000000004,-0.175,0.0,0.0,0,-0.0016355476109310985,0.21847452223300934,0.06855668127536774,0.0,1.5698198080062866,-1.5783065557479858,1,-0.016449052840471268,0.294005811214447,0.03978913277387619,-1.293839659410878e-06,5.580714059760794e-06,2.4482922554016113,0.01552544950088755,0.19996559549170295,2.5039233871003277,0.19948166325912184,0.15767401193533628,0.07957831234632701,0.2502982559247327
0.0,0.23250000000000004,-0.175,0.0,0.0,0,-0.0017271193210035563,0.22097328305244446,0.06855713576078415,0.0,1.5700242519378662,-1.578285574913025,1,-0.016541313380002975,0.2965041697025299,0.03978922218084335,-1.366214291920187e-06,7.730312972853426e-06,2.4483072757720947,0.01552544950088755,0.19996559549170295,2.5039233871003277,0.19948166325912184,0.15767401193533628,0.07957831234632701,0.2502982559247327
0.0,0.23500000000000004,-0.175,0.0,0.0,0,-0.0017396389739587903,0.2234273999929428,0.06864684075117111,0.0,1.569882869720459,-1.5782593488693237,1,-0.016554977744817734,0.29895657300949097,0.03978453204035759,4.095211988897063e-05,-2.6797642931342125e-05,2.448875904083252,0.01552544950088755,0.19996559549170295,2.5039233871003277,0.19948166325912184,0.15767401193533628,0.07957831234632701,0.2502982559247327
0.0,0.23750000000000004,-0.175,0.0,0.0,0,-0.0017186816548928618,0.22590945661067963,0.06867116689682007,0.0,1.5698198080062866,-1.578229546546936,1,-0.016535233706235886,0.3014358580112457,0.03978883847594261,-5.714174449167331e-07,1.4039335383131402e-06,2.4491214752197266,0.01552544950088755,0.19996559549170295,2.5039233871003277,0.19948166325912184,0.15767401193533628,0.07957831234632701,0.2502982559247327
0.0,0.24,-0.175,0.0,0.0,0,-0.0017042753752321005,0.22845739126205444,0.06867107003927231,0.0,1.569882869720459,-1.5782173871994019,1,-0.016520656645298004,0.30398353934288025,0.03978888690471649,-1.1142426501464797e-06,1.440006712982722e-06,2.4491188526153564,0.01552544950088755,0.19996559549170295,2.5039233871003277,0.19948166325912184,0.15767401193533628,0.07957831234632701,0.2502982559247327
0.0,0.2425,-0.175,0.0,0.0,0,-0.0016895403387024999,0.2310030609369278,0.06867086887359619,0.0,1.5697605609893799,-1.578201174736023,1,-0.016506019979715347,0.30652910470962524,0.03978890925645828,1.077926015113917e-07,1.451998059565085e-06,2.449120283126831,0.01552544950088755,0.19996559549170295,2.5039233871003277,0.19948166325912184,0.15767401193533628,0.07957831234632701,0.2502982559247327
0.0,0.245,-0.175,0.0,0.0,0,-0.0016750887734815478,0.233521968126297,0.06867019087076187,0.0,1.5699505805969238,-1.5781437158584595,1,-0.016491487622261047,0.30904752016067505,0.039788924157619476,4.747275852423627e-07,1.7329981574221165e-06,2.4491188526153564,0.01552544950088755,0.19996559549170295,2.5039233871003277,0.19948166325912184,0.15767401193533628,0.07957831234632701,0.2502982559247327
0.0,0.2475,-0.175,0.0,0.0,0,-0.001661995192989707,0.23602551221847534,0.06867028772830963,0.0,1.5698198080062866,-1.5781306028366089,1,-0.016478436067700386,0.3115507960319519,0.03978906199336052,-9.054856491275132e-07,3.5529458273231285e-06,2.4491171836853027,0.01552544950088755,0.19996559549170295,2.5039233871003277,0.19948166325912184,0.15767401193533628,0.07957831234632701,0.2502982559247327
0.0,0.25,-0.175,0.0,0.0,0,-0.001649505109526217,0.23851566016674042,0.06866981089115143,0.0,1.5699505805969238,-1.5781043767929077,1,-0.01646563783288002,0.3140407204627991,0.03978909179568291,-5.8973216710001e-07,4.70479653813527e-06,2.449110507965088,0.01552544950088755,0.19996559549170295,2.5039233871003277,0.19948166325912184,0.15767401193533628,0.07957831234632701,0.2502982559247327
0.0,0.2525,-0.175,0.0,0.0,0,-0.0016381480963900685,0.2410096824169159,0.0686696469783783,0.0,1.5698198080062866,-1.578081488609314,1,-0.016454866155982018,0.3165343999862671,0.03978913649916649,-1.419281829839747e-06,5.0361813919153064e-06,2.449115037918091,0.01552544950088755,0.19996559549170295,2.5039233871003277,0.19948166325912184,0.15767401193533628,0.07957831234632701,0.2502982559247327
0.0,0.255,-0.175,0.0,0.0,0,-0.0016305978642776608,0.24350708723068237,0.06866930425167084,0.0,1.5698198080062866,-1.578059196472168,1,-0.016447214409708977,0.319031685590744,0.03978906571865082,-6.924244644324062e-07,4.570258170133457e-06,2.44911527633667,0.01552544950088755,0.19996559549170295,2.5039233871003277,0.19948166325912184,0.15767401193533628,0.07957831234632701,0.2502982559247327
0.0,0.2575,-0.175,0.0,0.0,0,-0.001623600604943931,0.24600890278816223,0.06866919994354248,0.0,1.5699505805969238,-1.578043818473816,1,-0.01644030772149563,0.3215333819389343,0.03978913277387619,-7.618259587616194e-07,5.254511506791459e-06,2.449115514755249,0.01552544950088755,0.19996559549170295,2.5039233871003277,0.19948166325912184,0.15767401193533628,0.07957831234632701,0.2502982559247327
0.0,0.26,-0.175,0.0,0.0,0,-0.0016207839362323284,0.24850930273532867,0.06866934895515442,0.0,1.5698198080062866,-1.5780422687530518,1,-0.016437260434031487,0.3240336775779724,0.03978903964161873,-9.227007922163466e-07,6.342384949675761e-06,2.449112892150879,0.01552544950088755,0.19996559549170295,2.5039233871003277,0.19948166325912184,0.15767401193533628,0.07957831234632701,0.2502982559247327
0.0,0.2625,-0.175,0.0,0.0,0,-0.0016220126999542117,0.2510071098804474,0.0686689242720604,0.0,1.569704532623291,-1.5780103206634521,1,-0.016438422724604607,0.3265310525894165,0.0397891104221344,-2.0231616417731857e-06,6.8445742726908065e-06,2.449105739593506,0.01552544950088755,0.19996559549170295,2.5039233871003277,0.19948166325912184,0.15767401193533628,0.07957831234632701,0.2502982559247327
0.0,0.265,-0.175,0.0,0.0,0,-0.0016256035305559635,0.2535073459148407,0.06866887956857681,0.0,1.5698198080062866,-1.5779950618743896,1,-0.01644255593419075,0.32903116941452026,0.03978908807039261,-9.281460506826988e-07,4.5987244448042475e-06,2.4491140842437744,0.01552544950088755,0.19996559549170295,2.5039233871003277,0.19948166325912184,0.15767401193533628,0.07957831234632701,0.2502982559247327
0.0,0.2675,-0.175,0.0,0.0,0,-0.0016323577146977186,0.25600549578666687,0.06866852194070816,0.0,1.5698198080062866,-1.5779590606689453,1,-0.01644885540008545,0.3315288722515106,0.03978912532329559,-8.215646403186838e-07,5.858712029294111e-06,2.4491071701049805,0.01552544950088755,0.19996559549170295,2.5039233871003277,0.19948166325912184,0.15767401193533628,0.07957831234632701,0.2502982559247327
0.0,0.27,-0.175,0.0,0.0,0,-0.0016408083029091358,0.25850749015808105,0.06866829842329025,0.0,1.5699505805969238,-1.5779356956481934,1,-0.016457807272672653,0.3340305685997009,0.0397891029715538,-1.5345333395089256e-06,5.986689302517334e-06,2.449111223220825,0.01552544950088755,0.19996559549170295,2.5039233871003277,0.19948166325912184,0.15767401193533628,0.07957831234632701,0.2502982559247327
0.0,0.2725,-0.175,0.0,0.0,0,-0.0016517156036570668,0.26100751757621765,0.06866788864135742,0.0,1.5699505805969238,-1.5779045820236206,1,-0.01646852120757103,0.3365304470062256,0.03978908061981201,-1.064875391421083e-06,5.95768278799369e-06,2.449108123779297,0.01552544950088755,0.19996559549170295,2.5039233871003277,0.19948166325912184,0.15767401193533628,0.07957831234632701,0.2502982559247327
0.0,0.275,-0.175,0.0,0.0,0,-0.0016636656364426017,0.26350975036621094,0.06866788864135742,0.0,1.5699505805969238,-1.5778945684432983,1,-0.016480624675750732,0.3390324115753174,0.03978908434510231,-1.624210085537925e-06,5.859080374648329e-06,2.4491100311279297,0.01552544950088755,0.19996559549170295,2.5039233871003277,0.19948166325912184,0.15767401193533628,0.07957831234632701,0.2502982559247327
0.0,0.2775,-0.175,0.0,0.0,0,-0.0016802879981696606,0.26600661873817444,0.06866763532161713,0.0,1.5698198080062866,-1.5778781175613403,1,-0.016497086733579636,0.3415291905403137,0.03978906571865082,-1.0379003470006865e-06,6.912083335919306e-06,2.449103832244873,0.01552544950088755,0.19996559549170295,2.5039233871003277,0.19948166325912184,0.15767401193533628,0.07957831234632701,0.2502982559247327
0.0,0.28,-0.175,0.0,0.0,0,-0.0017017346108332276,0.26850512623786926,0.06866752356290817,0.0,1.569882869720459,-1.5778697729110718,1,-0.016518402844667435,0.34402748942375183,0.03978906571865082,-2.132864665327361e-06,7.145283234422095e-06,2.4491002559661865,0.01552544950088755,0.19996559549170295,2.5039233871003277,0.19948166325912184,0.15767401193533628,0.07957831234632701,0.2502982559247327
0.0,0.28250000000000003,-0.175,0.0,0.0,0,-0.0017240867018699646,0.2710052728652954,0.06866759061813354,0.0,1.5698198080062866,-1.5778783559799194,1,-0.01654103584587574,0.3465277850627899,0.03978908434510231,-7.386074685200583e-07,6.069163646316156e-06,2.449103355407715,0.01552544950088755,0.19996559549170295,2.5039233871003277,0.19948166325912184,0.15767401193533628,0.07957831234632701,0.2502982559247327
0.0,0.28500000000000003,-0.175,0.0,0.0,0,-0.0017457426292821765,0.2734997570514679,0.06866714358329773,0.0,1.5699505805969238,-1.577839970588684,1,-0.01656305603682995,0.34902194142341614,0.039789095520973206,-9.646049647926702e-07,5.077969490230316e-06,2.4491055011749268,0.01552544950088755,0.19996559549170295,2.5039233871003277,0.19948166325912184,0.15767401193533628,0.07957831234632701,0.2502982559247327
0.0,0.28750000000000003,-0.175,0.0,0.0,0,-0.0017680221935734153,0.27600061893463135,0.0686669647693634,0.0,1.5700242519378662,-1.5778173208236694,1,-0.016585074365139008,0.3515224754810333,0.03978908434510231,-1.8184659893449862e-06,6.552984814334195e-06,2.449101686477661,0.01552544950088755,0.19996559549170295,2.5039233871003277,0.19948166325912184,0.15767401193533628,0.07957831234632701,0.2502982559247327
0.0,0.29000000000000004,-0.175,0.0,0.0,0,-0.0017930263420566916,0.27850341796875,0.06866680830717087,0.0,1.5699505805969238,-1.5777939558029175,1,-0.016610652208328247,0.3540249466896057,0.0397891029715538,-1.4558513612428214e-06,4.8197621254075784e-06,2.4491078853607178,0.01552544950088755,0.19996559549170295,2.5039233871003277,0.19948166325912184,0.15767401193533628,0.07957831234632701,0.2502982559247327
0.0,0.29250000000000004,-0.175,0.0,0.0,0,-0.001821113983169198,0.28100594878196716,0.06866660714149475,0.0,1.5699505805969238,-1.5777815580368042,1,-0.016637926921248436,0.35652750730514526,0.03978905454277992,-1.958627535714186e-06,7.612528406752972e-06,2.449092388153076,0.01552544950088755,0.19996559549170295,2.5039233871003277,0.19948166325912184,0.15767401193533628,0.07957831234632701,0.2502982559247327
0.0,0.29500000000000004,-0.175,0.0,0.0,0,-0.0018500492442399263,0.28350019454956055,0.06866632401943207,0.0,1.5698198080062866,-1.5777488946914673,1,-0.016667380928993225,0.3590213656425476,0.03978899493813515,-2.172769200114999e-06,6.0435386330937035e-06,2.44909405708313,0.01552544950088755,0.19996559549170295,2.5039233871003277,0.19948166325912184,0.15767401193533628,0.07957831234632701,0.2502982559247327
0.0,0.29750000000000004,-0.175,0.0,0.0,0,-0.0018799755489453673,0.2860008776187897,0.06866620481014252,0.0,1.569882869720459,-1.5777366161346436,1,-0.01669747568666935,0.36152181029319763,0.03978908807039261,-1.043837983161211e-06,6.590980774490163e-06,2.4490954875946045,0.01552544950088755,0.19996559549170295,2.5039233871003277,0.19948166325912184,0.15767401193533628,0.07957831234632701,0.2502982559247327
0.0,0.30000000000000004,-0.175,0.0,0.0,0,-0.0019110622815787792,0.288504034280777,0.06866646558046341,0.0,1.5697605609893799,-1.5777426958084106,1,-0.016728615388274193,0.36402490735054016,0.03978905826807022,-1.515890517111984e-06,7.4405115810805e-06,2.449092388153076,0.01552544950088755,0.19996559549170295,2.5039233871003277,0.19948166325912184,0.15767401193533628,0.07957831234632701,0.2502982559247327
0.0,0.3025,-0.175,0.0,0.0,0,-0.0019446974620223045,0.2910027801990509,0.06866653263568878,0.0,1.569882869720459,-1.5777453184127808,1,-0.01676209643483162,0.36652374267578125,0.039789069443941116,-2.1391695099737262e-06,9.17772194952704e-06,2.4490857124328613,0.01552544950088755,0.19996559549170295,2.5039233871003277,0.19948166325912184,0.15767401193533628,0.07957831234632701,0.2502982559247327
0.0,0.305,-0.175,0.0,0.0,0,-0.001982302637770772,0.2934986650943756,0.06866635382175446,0.0,1.569882869720459,-1.5777332782745361,1,-0.0167998094111681,0.36901962757110596,0.039789121598005295,-1.8774267118715215e-06,9.076569767785259e-06,2.4490866661071777,0.01552544950088755,0.19996559549170295,2.5039233871003277,0.19948166325912184,0.15767401193533628,0.07957831234632701,0.2502982559247327
0.0,0.3075,-0.175,0.0,0.0,0,-0.0020232098177075386,0.29599377512931824,0.0686662569642067,0.0,1.5699505805969238,-1.5777145624160767,1,-0.01684117130935192,0.3715144991874695,0.03978913649916649,-9.209734344040044e-07,7.548617759312037e-06,2.449091672897339,0.01552544950088755,0.19996559549170295,2.5039233871003277,0.19948166325912184,0.15767401193533628,0.07957831234632701,0.2502982559247327
0.0,0.31,-0.175,0.0,0.0,0,-0.0020651021040976048,0.2984916567802429,0.06866594403982162,0.0,1.5699505805969238,-1.5777007341384888,1,-0.016882773488759995,0.3740120530128479,0.03978909179568291,-1.9039878225157736e-06,8.80202878761338e-06,2.449084997177124,0.01552544950088755,0.19996559549170295,2.5039233871003277,0.19948166325912184,0.15767401193533628,0.07957831234632701,0.2502982559247327
0.0,0.3125,-0.175,0.0,0.0,0,-0.0021085585467517376,0.3009912967681885,0.06866560131311417,0.0,1.5697605609893799,-1.5776761770248413,1,-0.016926338896155357,0.3765115439891815,0.03978907689452171,-2.3843431335990317e-06,8.519316907040775e-06,2.449082136154175,0.01552544950088755,0.19996559549170295,2.5039233871003277,0.19948166325912184,0.15767401193533628,0.07957831234632701,0.2502982559247327
0.0,0.315,-0.175,0.0,0.0,0,-0.002153887180611491,0.3034938871860504,0.06866564601659775,0.0,1.5699505805969238,-1.5776780843734741,1,-0.016971927136182785,0.37901410460472107,0.03978913277387619,-2.3118652734410716e-06,8.565145435568411e-06,2.449082374572754,0.01552544950088755,0.19996559549170295,2.5039233871003277,0.19948166325912184,0.15767401193533628,0.07957831234632701,0.2502982559247327
0.0,0.3175,-0.175,0.0,0.0,0,-0.002203185111284256,0.3059901297092438,0.06866548955440521,0.0,1.569882869720459,-1.5776619911193848,1,-0.017021797597408295,0.3815101981163025,0.0397891029715538,-1.651078264330863e-06,7.663760698051192e-06,2.449093818664551,0.01552544950088755,0.19996559549170295,2.5039233871003277,0.19948166325912184,0.15767401193533628,0.07957831234632701,0.2502982559247327
0.0,0.32,-0.175,0.0,0.0,0,-0.002255223458632827,0.3084851801395416,0.06866541504859924,0.0,1.5699505805969238,-1.5776565074920654,1,-0.01707364059984684,0.3840051293373108,0.039789117872714996,-1.3873354873794597e-06,8.959797924035229e-06,2.449091911315918,0.01552544950088755,0.19996559549170295,2.5039233871003277,0.19948166325912184,0.15767401193533628,0.07957831234632701,0.2502982559247327
0.0,0.3225,-0.175,0.0,0.0,0,-0.0023078108206391335,0.3109804093837738,0.0686655044555664,0.0,1.5699505805969238,-1.5776387453079224,1,-0.017126595601439476,0.38649994134902954,0.0397891066968441,-1.5470147900487063e-06,6.522163857880514e-06,2.449094533920288,0.01552544950088755,0.19996559549170295,2.5039233871003277,0.19948166325912184,0.15767401193533628,0.07957831234632701,0.2502982559247327
