0.0,-0.05,-0.175,0.0,0.0,0,-6.891094926686492e-06,-0.05002734810113907,0.07059429585933685,0.0,1.570451021194458,-1.5713521242141724,1,0.02429109811782837,0.11005575954914093,0.04173523932695389,-1.6552674786396437e-09,6.010897335428922e-10,-1.7041879892349243,0.02429109881175112,0.11005576181823305,-1.7041879489264073,0.16346710226690817,0.2332724178947812,0.08347062980587196,0.3182932622038982
0.0,-0.0475,-0.175,0.0,0.0,0,-6.880752607685281e-06,-0.048699162900447845,0.07059434056282043,0.0,1.5703080892562866,-1.5718830823898315,1,0.02429109811782837,0.11005575954914093,0.04173523932695389,-1.7169448085496697e-09,7.397378265494581e-10,-1.7041879892349243,0.02429109881175112,0.11005576181823305,-1.7041879489264073,0.16346710226690817,0.2332724178947812,0.08347062980587196,0.3182932622038982
0.0,-0.045000000000000005,-0.175,0.0,0.0,0,-6.873391612316482e-06,-0.04571574553847313,0.07059447467327118,0.0,1.5707963705062866,-1.5723568201065063,1,0.02429109811782837,0.11005575954914093,0.04173523932695389,-1.6036691974363748e-09,8.65495286550555e-10,-1.7041879892349243,0.02429109881175112,0.11005576181823305,-1.7041879489264073,0.16346710226690817,0.2332724178947812,0.08347062980587196,0.3182932622038982
0.0,-0.0425,-0.175,0.0,0.0,0,-6.877849045849871e-06,-0.042535822838544846,0.07059444487094879,0.0,1.570451021194458,-1.5728017091751099,1,0.02429109811782837,0.11005575954914093,0.04173523932695389,-1.6195218499603925e-09,5.190126106668913e-10,-1.7041879892349243,0.02429109881175112,0.11005576181823305,-1.7041879489264073,0.16346710226690817,0.2332724178947812,0.08347062980587196,0.3182932622038982
0.0,-0.04,-0.175,0.0,0.0,0,-6.860749635961838e-06,-0.039751213043928146,0.0705944076180458,0.0,1.5707963705062866,-1.5732202529907227,1,0.02429109811782837,0.11005575954914093,0.04173523932695389,-1.6149583892399733e-09,1.2499751234074097e-10,-1.7041879892349243,0.02429109881175112,0.11005576181823305,-1.7041879489264073,0.16346710226690817,0.2332724178947812,0.08347062980587196,0.3182932622038982
0.0,-0.037500000000000006,-0.175,0.0,0.0,0,-6.8609242589445785e-06,-0.03729059919714928,0.07059444487094879,0.0,1.5707963705062866,-1.5736137628555298,1,0.02429109811782837,0.11005575954914093,0.04173523932695389,-1.9106409787639222e-09,4.686362409245248e-11,-1.7041879892349243,0.02429109881175112,0.11005576181823305,-1.7041879489264073,0.16346710226690817,0.2332724178947812,0.08347062980587196,0.3182932622038982
0.0,-0.035,-0.175,0.0,0.0,0,-6.862359896331327e-06,-0.03491776064038277,0.07059445977210999,0.0,1.5707963705062866,-1.5739883184432983,1,0.02429109811782837,0.11005575954914093,0.04173523932695389,-1.86986337524786e-09,-3.033820972220269e-10,-1.7041879892349243,0.02429109881175112,0.11005576181823305,-1.7041879489264073,0.16346710226690817,0.2332724178947812,0.08347062980587196,0.3182932622038982
0.0,-0.0325,-0.175,0.0,0.0,0,-6.8559374994947575e-06,-0.032501786947250366,0.07059458643198013,0.0,1.5707963705062866,-1.5743446350097656,1,0.02429109811782837,0.11005575954914093,0.04173523932695389,-2.099755036510942e-09,-8.340717005950182e-11,-1.7041879892349243,0.02429109881175112,0.11005576181823305,-1.7041879489264073,0.16346710226690817,0.2332724178947812,0.08347062980587196,0.3182932622038982
0.0,-0.030000000000000002,-0.175,0.0,0.0,0,-6.853148533991771e-06,-0.03002813085913658,0.0705946683883667,0.0,1.5707963705062866,-1.5746787786483765,1,0.02429109811782837,0.11005575954914093,0.04173523932695389,-2.696593615070242e-09,2.643244512157139e-10,-1.7041879892349243,0.02429109881175112,0.11005576181823305,-1.7041879489264073,0.16346710226690817,0.2332724178947812,0.08347062980587196,0.3182932622038982
0.0,-0.027500000000000004,-0.175,0.0,0.0,0,-6.8499293774948455e-06,-0.027529088780283928,0.07059480994939804,0.0,1.5707963705062866,-1.574993371963501,1,0.02429109811782837,0.11005575954914093,0.04173523932695389,-3.0249198701426394e-09,6.056508627949597e-10,-1.7041879892349243,0.02429109881175112,0.11005576181823305,-1.7041879489264073,0.16346710226690817,0.2332724178947812,0.08347062980587196,0.3182932622038982
0.0,-0.025,-0.175,0.0,0.0,0,-6.851335001556436e-06,-0.02503104880452156,0.07059479504823685,0.0,1.5707963705062866,-1.5752867460250854,1,0.02429109811782837,0.11005575954914093,0.04173523932695389,-2.8870523749446875e-09,5.605423902821371e-10,-1.7041879892349243,0.02429109881175112,0.11005576181823305,-1.7041879489264073,0.16346710226690817,0.2332724178947812,0.08347062980587196,0.3182932622038982
0.0,-0.022500000000000003,-0.175,0.0,0.0,0,-6.862290774733992e-06,-0.022540148347616196,0.07059478014707565,0.0,1.5707963705062866,-1.5755661725997925,1,0.02429109811782837,0.11005575954914093,0.04173523932695389,-3.1760469809682945e-09,6.302223187759637e-10,-1.7041879892349243,0.02429109881175112,0.11005576181823305,-1.7041879489264073,0.16346710226690817,0.2332724178947812,0.08347062980587196,0.3182932622038982
0.0,-0.020000000000000004,-0.175,0.0,0.0,0,-6.847314580227248e-06,-0.020054124295711517,0.07059477269649506,0.0,1.5707963705062866,-1.5758306980133057,1,0.02429109811782837,0.11005575954914093,0.04173523932695389,-3.0772877579465785e-09,6.608928959650484e-10,-1.7041879892349243,0.02429109881175112,0.11005576181823305,-1.7041879489264073,0.16346710226690817,0.2332724178947812,0.08347062980587196,0.3182932622038982
0.0,-0.0175,-0.175,0.0,0.0,0,-6.846603810117813e-06,-0.017568599432706833,0.07059484720230103,0.0,1.5707963705062866,-1.576079249382019,1,0.02429109811782837,0.11005575954914093,0.04173523932695389,-3.410039361995132e-09,7.06592340193879e-10,-1.7041879892349243,0.02429109881175112,0.11005576181823305,-1.7041879489264073,0.16346710226690817,0.2332724178947812,0.08347062980587196,0.3182932622038982
0.0,-0.015,-0.175,0.0,0.0,0,-6.840656169515569e-06,-0.015081457793712616,0.07059493660926819,0.0,1.5707963705062866,-1.5763124227523804,1,0.02429109811782837,0.11005575954914093,0.04173523932695389,-3.6262455260782644e-09,6.750986436543371e-10,-1.7041879892349243,0.02429109881175112,0.11005576181823305,-1.7041879489264073,0.16346710226690817,0.2332724178947812,0.08347062980587196,0.3182932622038982
0.0,-0.012500000000000004,-0.175,0.0,0.0,0,-6.8386825660127215e-06,-0.01259184256196022,0.07059509307146072,0.0,1.5707963705062866,-1.5765345096588135,1,0.02429109811782837,0.11005575954914093,0.04173523932695389,-3.9796361761545995e-09,6.544946806741336e-10,-1.7041879892349243,0.02429109881175112,0.11005576181823305,-1.7041879489264073,0.16346710226690817,0.2332724178947812,0.08347062980587196,0.3182932622038982
0.0,-0.010000000000000002,-0.175,0.0,0.0,0,-6.832005055912305e-06,-0.010101892054080963,0.07059510052204132,0.0,1.5707963705062866,-1.5767427682876587,1,0.02429109811782837,0.11005575954914093,0.04173523932695389,-3.688238159327284e-09,6.848601685760514e-10,-1.7041879892349243,0.02429109881175112,0.11005576181823305,-1.7041879489264073,0.16346710226690817,0.2332724178947812,0.08347062980587196,0.3182932622038982
0.0,-0.0075,-0.175,0.0,0.0,0,-6.8217482294130605e-06,-0.007611206732690334,0.07059510797262192,0.0,1.5707963705062866,-1.576941967010498,1,0.02429109811782837,0.11005575954914093,0.04173523932695389,-3.4955660588309456e-09,8.721237065856258e-10,-1.7041879892349243,0.02429109881175112,0.11005576181823305,-1.7041879489264073,0.16346710226690817,0.2332724178947812,0.08347062980587196,0.3182932622038982
0.0,-0.0050000000000000044,-0.175,0.0,0.0,0,-6.830825896031456e-06,-0.005120963789522648,0.07059517502784729,0.0,1.5707963705062866,-1.5771242380142212,1,0.02429109811782837,0.11005575954914093,0.04173523932695389,-3.6366687439226553e-09,6.216644976575481e-10,-1.7041879892349243,0.02429109881175112,0.11005576181823305,-1.7041879489264073,0.16346710226690817,0.2332724178947812,0.08347062980587196,0.3182932622038982
0.0,-0.0025000000000000022,-0.175,0.0,0.0,0,-6.818509973527398e-06,-0.0026292800903320312,0.07059528678655624,0.0,1.5707963705062866,-1.5772963762283325,1,0.02429109811782837,0.11005575954914093,0.04173523932695389,-3.5243872265056098e-09,9.296856617879712e-10,-1.7041879892349243,0.02429109881175112,0.11005576181823305,-1.7041879489264073,0.16346710226690817,0.2332724178947812,0.08347062980587196,0.3182932622038982
0.0,0.0,-0.175,0.0,0.0,0,-6.818866495450493e-06,-0.00013671784836333245,0.07059531658887863,0.0,1.5707963705062866,-1.5774604082107544,1,0.02429109811782837,0.11005575954914093,0.04173523932695389,-3.458624941998778e-09,9.186531535476661e-10,-1.7041879892349243,0.02429109881175112,0.11005576181823305,-1.7041879489264073,0.16346710226690817,0.2332724178947812,0.08347062980587196,0.3182932622038982
0.0,0.0024999999999999953,-0.175,0.0,0.0,0,-6.812966148572741e-06,0.002355933655053377,0.07059536129236221,0.0,1.5707963705062866,-1.5776132345199585,1,0.02429109811782837,0.11005575954914093,0.04173523932695389,-3.7278096165493935e-09,1.1250582687694077e-09,-1.7041879892349243,0.02429109881175112,0.11005576181823305,-1.7041879489264073,0.16346710226690817,0.2332724178947812,0.08347062980587196,0.3182932622038982
0.0,0.0049999999999999975,-0.175,0.0,0.0,0,-6.8119993557047565e-06,0.0048492541536688805,0.07059547305107117,0.0,1.5707963705062866,-1.5777602195739746,1,0.02429109811782837,0.11005575954914093,0.04173523932695389,-3.7237026795367e-09,1.1139625888390015e-09,-1.7041879892349243,0.02429109881175112,0.11005576181823305,-1.7041879489264073,0.16346710226690817,0.2332724178947812,0.08347062980587196,0.3182932622038982
0.0,0.0075,-0.175,0.0,0.0,0,2.1133486370672472e-05,0.006799765396863222,0.07059873640537262,0.0,1.5699505805969238,-1.5778776407241821,1,0.024338949471712112,0.11018204689025879,0.041735127568244934,-1.8587436443340266e-06,3.26600570588198e-07,-1.703458309173584,0.02429109881175112,0.11005576181823305,-1.7041879489264073,0.16346710226690817,0.2332724178947812,0.08347062980587196,0.3182932622038982
0.0,0.009999999999999995,-0.175,0.0,0.0,0,5.7756762544158846e-05,0.006980643142014742,0.07058322429656982,0.0,1.5695044994354248,-1.5778836011886597,1,0.024393055588006973,0.11029120534658432,0.04173518344759941,-1.5195912510534981e-06,8.946653906605206e-08,-1.7026324272155762,0.02429109881175112,0.11005576181823305,-1.7041879489264073,0.16346710226690817,0.2332724178947812,0.08347062980587196,0.3182932622038982
0.0,0.012499999999999997,-0.175,0.0,0.0,0,0.00010868137906072661,0.00721677066758275,0.0705823004245758,0.0,1.5694152116775513,-1.577874779701233,1,0.024460000917315483,0.11043871939182281,0.04173509404063225,-3.25272435475199e-06,6.296693300100742e-08,-1.7016133069992065,0.02429109881175112,0.11005576181823305,-1.7041879489264073,0.16346710226690817,0.2332724178947812,0.08347062980587196,0.3182932622038982
0.0,0.015,-0.175,0.0,0.0,0,0.00018724649271462113,0.007552765309810638,0.07058106362819672,0.0,1.5694152116775513,-1.5778638124465942,1,0.024557236582040787,0.11065372079610825,0.0417352132499218,-2.5196466140187113e-06,-4.955744543622131e-07,-1.7001349925994873,0.02429109881175112,0.11005576181823305,-1.7041879489264073,0.16346710226690817,0.2332724178947812,0.08347062980587196,0.3182932622038982
0.0,0.0175,-0.175,0.0,0.0,0,0.00031142160878516734,0.008041826076805592,0.0705823004245758,0.0,1.5693315267562866,-1.5778788328170776,1,0.024691760540008545,0.11098329722881317,0.04173510894179344,-9.913972007780103e-07,-1.3025636462771217e-06,-1.6980953216552734,0.02429109881175112,0.11005576181823305,-1.7041879489264073,0.16346710226690817,0.2332724178947812,0.08347062980587196,0.3182932622038982
0.0,0.020000000000000004,-0.175,0.0,0.0,0,0.0004653455107472837,0.00869154091924429,0.07058227062225342,0.0,1.5691769123077393,-1.5779160261154175,1,0.024885324761271477,0.1114044189453125,0.04173523187637329,-9.801101441553328e-07,-4.826804342883406e-07,-1.6951732635498047,0.02429109881175112,0.11005576181823305,-1.7041879489264073,0.16346710226690817,0.2332724178947812,0.08347062980587196,0.3182932622038982
0.0,0.022499999999999992,-0.175,0.0,0.0,0,0.0006827712641097605,0.009558350779116154,0.07058106362819672,0.0,1.5691049098968506,-1.5779708623886108,1,0.025142144411802292,0.11197564750909805,0.041735414415597916,-5.462681656354107e-06,-2.208288606198039e-06,-1.691322922706604,0.02429109881175112,0.11005576181823305,-1.7041879489264073,0.16346710226690817,0.2332724178947812,0.08347062980587196,0.3182932622038982
0.0,0.024999999999999994,-0.175,0.0,0.0,0,0.0010740866418927908,0.010831675492227077,0.07055628299713135,0.0,1.5691404342651367,-1.5780473947525024,1,0.02536792680621147,0.11288348585367203,0.041735418140888214,-5.894382411497645e-06,-3.874105459544808e-06,-1.6861482858657837,0.02429109881175112,0.11005576181823305,-1.7041879489264073,0.16346710226690817,0.2332724178947812,0.08347062980587196,0.3182932622038982
0.0,0.027499999999999997,-0.175,0.0,0.0,0,0.001567901810631156,0.012981502339243889,0.07063701748847961,0.0,1.5690357685089111,-1.5781102180480957,1,0.025622159242630005,0.11444111913442612,0.041654981672763824,7.115646440070122e-05,0.000682950543705374,-1.6778203248977661,0.02429109881175112,0.11005576181823305,-1.7041879489264073,0.16346710226690817,0.2332724178947812,0.08347062980587196,0.3182932622038982
0.0,0.03,-0.175,0.0,0.0,0,0.0019492757273837924,0.015656964853405952,0.07069027423858643,0.0,1.5689693689346313,-1.578180193901062,1,0.025554010644555092,0.11644099652767181,0.041734375059604645,-3.201460003765533e-07,6.888592452014564e-06,-1.6679219007492065,0.02429109881175112,0.11005576181823305,-1.7041879489264073,0.16346710226690817,0.2332724178947812,0.08347062980587196,0.3182932622038982
0.0,0.0325,-0.175,0.0,0.0,0,0.0021934390533715487,0.01854846067726612,0.07060391455888748,0.0,1.568905234336853,-1.5782335996627808,1,0.025511696934700012,0.1185891181230545,0.04173525422811508,-2.920202746281575e-07,-2.2262608467826794e-07,-1.657263994216919,0.02429109881175112,0.11005576181823305,-1.7041879489264073,0.16346710226690817,0.2332724178947812,0.08347062980587196,0.3182932622038982
0.0,0.035,-0.175,0.0,0.0,0,0.0022867927327752113,0.021247291937470436,0.07067696005105972,0.0,1.5689693689346313,-1.5782883167266846,1,0.02536000683903694,0.12060842663049698,0.04170224815607071,1.8295528207090683e-05,0.00028008397202938795,-1.6475504636764526,0.02429109881175112,0.11005576181823305,-1.7041879489264073,0.16346710226690817,0.2332724178947812,0.08347062980587196,0.3182932622038982
0.0,0.037500000000000006,-0.175,0.0,0.0,0,0.0025354467798024416,0.023671047762036324,0.07071562856435776,0.0,1.5688129663467407,-1.5783261060714722,1,0.02506730519235134,0.12246117740869522,0.04173489287495613,-4.6626712446595775e-07,2.5970216483983677e-06,-1.6389795541763306,0.02429109881175112,0.11005576181823305,-1.7041879489264073,0.16346710226690817,0.2332724178947812,0.08347062980587196,0.3182932622038982
0.0,0.039999999999999994,-0.175,0.0,0.0,0,0.0026007527485489845,0.02605363167822361,0.07071740925312042,0.0,1.5688740015029907,-1.57835853099823,1,0.0247916579246521,0.12427157163619995,0.04173523187637329,-1.39163319090585e-07,-4.457295688098384e-08,-1.6305971145629883,0.02429109881175112,0.11005576181823305,-1.7041879489264073,0.16346710226690817,0.2332724178947812,0.08347062980587196,0.3182932622038982
0.0,0.042499999999999996,-0.175,0.0,0.0,0,0.002625886583700776,0.028488950803875923,0.07072009146213531,0.0,1.5687830448150635,-1.5783931016921997,1,0.024510635063052177,0.1261207014322281,0.04173533618450165,-1.123606693909096e-06,-9.641096312407171e-07,-1.622027039527893,0.02429109881175112,0.11005576181823305,-1.7041879489264073,0.16346710226690817,0.2332724178947812,0.08347062980587196,0.3182932622038982
0.0,0.045,-0.175,0.0,0.0,0,0.0026625613681972027,0.031080957502126694,0.07075345516204834,0.0,1.5688129663467407,-1.5784207582473755,1,0.024235835298895836,0.128086119890213,0.04161014035344124,4.2665309592848644e-05,0.0010687801986932755,-1.612923502922058,0.02429109881175112,0.11005576181823305,-1.7041879489264073,0.16346710226690817,0.2332724178947812,0.08347062980587196,0.3182932622038982
0.0,0.0475,-0.175,0.0,0.0,0,0.0027218300383538008,0.03338421508669853,0.0709475725889206,0.0,1.568696141242981,-1.5784510374069214,1,0.023742200806736946,0.12985630333423615,0.04173382744193077,3.62497303285636e-08,1.194524247694062e-05,-1.604965090751648,0.02429109881175112,0.11005576181823305,-1.7041879489264073,0.16346710226690817,0.2332724178947812,0.08347062980587196,0.3182932622038982
0.0,0.05,-0.175,0.0,0.0,0,0.0029068810399621725,0.03577231243252754,0.07095088809728622,0.0,1.5687247514724731,-1.5784720182418823,1,0.023276006802916527,0.13169033825397491,0.04173523187637329,-1.1925232001885888e-07,-1.7261412210700655e-07,-1.5967141389846802,0.02429109881175112,0.11005576181823305,-1.7041879489264073,0.16346710226690817,0.2332724178947812,0.08347062980587196,0.3182932622038982
0.0,0.052500000000000005,-0.175,0.0,0.0,0,0.0030841005500406027,0.03828374296426773,0.0709536150097847,0.0,1.5687247514724731,-1.5785046815872192,1,0.022785943001508713,0.1336166262626648,0.04173537716269493,-4.049054041388445e-06,-2.003262352445745e-06,-1.5880764722824097,0.02429109881175112,0.11005576181823305,-1.7041879489264073,0.16346710226690817,0.2332724178947812,0.08347062980587196,0.3182932622038982
0.0,0.05499999999999999,-0.175,0.0,0.0,0,0.0030350135639309883,0.04076607897877693,0.0711597129702568,0.0,1.568668007850647,-1.5785192251205444,1,0.022173456847667694,0.1355217844247818,0.041730910539627075,-9.534633136354387e-07,3.585370723158121e-05,-1.5797075033187866,0.02429109881175112,0.11005576181823305,-1.7041879489264073,0.16346710226690817,0.2332724178947812,0.08347062980587196,0.3182932622038982
0.0,0.057499999999999996,-0.175,0.0,0.0,0,0.0030445121228694916,0.043133847415447235,0.0711672231554985,0.0,1.568640112876892,-1.5785202980041504,1,0.021606024354696274,0.13740335404872894,0.041735146194696426,3.163715689424862e-07,-6.577804469998227e-07,-1.5726555585861206,0.02429109881175112,0.11005576181823305,-1.7041879489264073,0.16346710226690817,0.2332724178947812,0.08347062980587196,0.3182932622038982
0.0,0.06,-0.175,0.0,0.0,0,0.0030054415110498667,0.04462318867444992,0.07116901129484177,0.0,1.5686126947402954,-1.5785201787948608,1,0.021601755172014236,0.13891123235225677,0.04173506051301956,-1.5406385500682518e-08,-2.4228459096775623e-06,-1.5729645490646362,0.02429109881175112,0.11005576181823305,-1.7041879489264073,0.16346710226690817,0.2332724178947812,0.08347062980587196,0.3182932622038982
0.0,0.0625,-0.175,0.0,0.0,0,0.003016713308170438,0.046213895082473755,0.07116915285587311,0.0,1.5686126947402954,-1.5785162448883057,1,0.021617421880364418,0.14050176739692688,0.041735127568244934,-1.6220417364820605e-07,-1.0761757494037738e-06,-1.5730109214782715,0.02429109881175112,0.11005576181823305,-1.7041879489264073,0.16346710226690817,0.2332724178947812,0.08347062980587196,0.3182932622038982
0.0,0.065,-0.175,0.0,0.0,0,0.003038223134353757,0.04838739335536957,0.07116923481225967,0.0,1.5686126947402954,-1.5785096883773804,1,0.02163950726389885,0.1426747590303421,0.04173516482114792,2.2024710233381484e-07,-8.293647510981828e-07,-1.573019027709961,0.02429109881175112,0.11005576181823305,-1.7041879489264073,0.16346710226690817,0.2332724178947812,0.08347062980587196,0.3182932622038982
0.0,0.0675,-0.175,0.0,0.0,0,0.0030671500135213137,0.05099635571241379,0.07116913795471191,0.0,1.568558692932129,-1.5784991979599,1,0.0216663870960474,0.14528368413448334,0.04173516482114792,1.8831690340448404e-07,-9.044350690601277e-07,-1.5729913711547852,0.02429109881175112,0.11005576181823305,-1.7041879489264073,0.16346710226690817,0.2332724178947812,0.08347062980587196,0.3182932622038982
0.0,0.06999999999999999,-0.175,0.0,0.0,0,0.003081985516473651,0.05373809486627579,0.07116927206516266,0.0,1.5685855150222778,-1.5784941911697388,1,0.02168535627424717,0.14802473783493042,0.04173525050282478,9.268284770769242e-07,-1.539166305519757e-08,-1.5730416774749756,0.02429109881175112,0.11005576181823305,-1.7041879489264073,0.16346710226690817,0.2332724178947812,0.08347062980587196,0.3182932622038982
0.0,0.0725,-0.175,0.0,0.0,0,0.0030964547768235207,0.056406814604997635,0.07116908580064774,0.0,1.568558692932129,-1.5784813165664673,1,0.02170061506330967,0.15069346129894257,0.041735146194696426,-5.887057454856404e-07,-7.416778657898249e-07,-1.5730503797531128,0.02429109881175112,0.11005576181823305,-1.7041879489264073,0.16346710226690817,0.2332724178947812,0.08347062980587196,0.3182932622038982
0.0,0.075,-0.175,0.0,0.0,0,0.0031128660775721073,0.058954138308763504,0.07116904854774475,0.0,1.568558692932129,-1.5784682035446167,1,0.02171521820127964,0.1532403975725174,0.04173510521650314,1.6834519556141458e-07,-2.0254449282219866e-06,-1.5730259418487549,0.02429109881175112,0.11005576181823305,-1.7041879489264073,0.16346710226690817,0.2332724178947812,0.08347062980587196,0.3182932622038982
0.0,0.0775,-0.175,0.0,0.0,0,0.0031216612551361322,0.06142427399754524,0.07116927951574326,0.0,1.5685855150222778,-1.5784622430801392,1,0.021725434809923172,0.1557098925113678,0.041735269129276276,-2.705840870476095e-06,-2.8508156901807524e-06,-1.5730420351028442,0.02429109881175112,0.11005576181823305,-1.7041879489264073,0.16346710226690817,0.2332724178947812,0.08347062980587196,0.3182932622038982
0.0,0.08,-0.175,0.0,0.0,0,0.00312254810705781,0.06390249729156494,0.07116279006004333,0.0,1.568558692932129,-1.5784666538238525,1,0.02175668627023697,0.1581873893737793,0.041578613221645355,5.231709110375959e-07,0.0013411041582003236,-1.5730714797973633,0.02429109881175112,0.11005576181823305,-1.7041879489264073,0.16346710226690817,0.2332724178947812,0.08347062980587196,0.3182932622038982
0.0,0.0825,-0.175,0.0,0.0,0,0.0025546366814523935,0.0662551298737526,0.07130903750658035,0.0,1.568506121635437,-1.578450322151184,1,0.021222474053502083,0.16053993999958038,0.04173295944929123,1.352764229523018e-06,2.2902708224137314e-05,-1.5730535984039307,0.02429109881175112,0.11005576181823305,-1.7041879489264073,0.16346710226690817,0.2332724178947812,0.08347062980587196,0.3182932622038982
0.0,0.085,-0.175,0.0,0.0,0,0.0020382737275213003,0.06879041343927383,0.07131095230579376,0.0,1.568454623222351,-1.5784401893615723,1,0.020705679431557655,0.1630750149488449,0.041734807193279266,5.175534170120955e-07,4.715830073109828e-06,-1.5730394124984741,0.02429109881175112,0.11005576181823305,-1.7041879489264073,0.16346710226690817,0.2332724178947812,0.08347062980587196,0.3182932622038982
0.0,0.08750000000000001,-0.175,0.0,0.0,0,0.0015389430336654186,0.07130181789398193,0.0713120624423027,0.0,1.5684802532196045,-1.5784326791763306,1,0.0202027540653944,0.16558696329593658,0.04173529893159866,-3.859287517116172e-06,3.5254547583463136e-06,-1.572996973991394,0.02429109881175112,0.11005576181823305,-1.7041879489264073,0.16346710226690817,0.2332724178947812,0.08347062980587196,0.3182932622038982
0.0,0.09000000000000001,-0.175,0.0,0.0,0,0.0010966412955895066,0.07374102622270584,0.07130815833806992,0.0,1.568454623222351,-1.578416347503662,1,0.019834468141198158,0.16802462935447693,0.04165364056825638,-2.5873603135551093e-06,-0.000697542738635093,-1.5730297565460205,0.02429109881175112,0.11005576181823305,-1.7041879489264073,0.16346710226690817,0.2332724178947812,0.08347062980587196,0.3182932622038982
0.0,0.09250000000000001,-0.175,0.0,0.0,0,0.001274893875233829,0.0760759562253952,0.07134170085191727,0.0,1.568454623222351,-1.5783984661102295,1,0.020030422136187553,0.17036189138889313,0.04173421487212181,-9.541495273879264e-07,-9.69110715232091e-06,-1.5731459856033325,0.02429109881175112,0.11005576181823305,-1.7041879489264073,0.16346710226690817,0.2332724178947812,0.08347062980587196,0.3182932622038982
0.0,0.09499999999999999,-0.175,0.0,0.0,0,0.001457404694519937,0.07854403555393219,0.07134300470352173,0.0,1.568454623222351,-1.578389286994934,1,0.020213579759001732,0.17282600700855255,0.0417349711060524,-3.93513710150728e-06,-4.612461907527177e-06,-1.5731452703475952,0.02429109881175112,0.11005576181823305,-1.7041879489264073,0.16346710226690817,0.2332724178947812,0.08347062980587196,0.3182932622038982
0.0,0.09749999999999999,-0.175,0.0,0.0,0,0.001647340483032167,0.08107125014066696,0.07134315371513367,0.0,1.568454623222351,-1.578372836112976,1,0.02039921097457409,0.1753539741039276,0.04173510894179344,-1.0869825928239152e-08,-1.4947495401429478e-06,-1.573102593421936,0.02429109881175112,0.11005576181823305,-1.7041879489264073,0.16346710226690817,0.2332724178947812,0.08347062980587196,0.3182932622038982
0.0,0.09999999999999999,-0.175,0.0,0.0,0,0.0017859196523204446,0.08362355828285217,0.07130064070224762,0.0,1.5684293508529663,-1.5783597230911255,1,0.02058468386530876,0.1778952181339264,0.0417352169752121,-0.00026951864128932357,0.00018943175382446498,-1.5731059312820435,0.02429109881175112,0.11005576181823305,-1.7041879489264073,0.16346710226690817,0.2332724178947812,0.08347062980587196,0.3182932622038982
0.0,0.1025,-0.175,0.0,0.0,0,0.0019317655824124813,0.08613508939743042,0.07127009332180023,0.0,1.5683549642562866,-1.5783461332321167,1,0.020745964720845222,0.18041576445102692,0.04173479601740837,-1.6640797184663825e-08,-5.756803147960454e-06,-1.5731749534606934,0.02429109881175112,0.11005576181823305,-1.7041879489264073,0.16346710226690817,0.2332724178947812,0.08347062980587196,0.3182932622038982
0.0,0.105,-0.175,0.0,0.0,0,0.002106053289026022,0.08864234387874603,0.07127120345830917,0.0,1.5684293508529663,-1.5783346891403198,1,0.020917899906635284,0.18292413651943207,0.041735030710697174,-4.6249192564573605e-07,-2.3870511540735606e-06,-1.5731464624404907,0.02429109881175112,0.11005576181823305,-1.7041879489264073,0.16346710226690817,0.2332724178947812,0.08347062980587196,0.3182932622038982
0.0,0.1075,-0.175,0.0,0.0,0,0.002141714794561267,0.09113646298646927,0.0712864026427269,0.0,1.5684293508529663,-1.5783321857452393,1,0.020986370742321014,0.18541690707206726,0.04165493696928024,1.6629932986234053e-07,0.0006862793234176934,-1.5731366872787476,0.02429109881175112,0.11005576181823305,-1.7041879489264073,0.16346710226690817,0.2332724178947812,0.08347062980587196,0.3182932622038982
0.0,0.11,-0.175,0.0,0.0,0,0.001687627169303596,0.09363594651222229,0.07131645083427429,0.0,1.5683549642562866,-1.5783172845840454,1,0.020561886951327324,0.18791624903678894,0.04173383489251137,-4.1337261791341007e-07,1.376685486320639e-05,-1.573148488998413,0.02429109881175112,0.11005576181823305,-1.7041879489264073,0.16346710226690817,0.2332724178947812,0.08347062980587196,0.3182932622038982
0.0,0.1125,-0.175,0.0,0.0,0,0.0014406645204871893,0.09522154182195663,0.07132162898778915,0.0,1.568404197692871,-1.5782550573349,1,0.02031082846224308,0.18949976563453674,0.041633546352386475,-8.196834642149042e-06,-0.0008693406125530601,-1.5731693506240845,0.02429109881175112,0.11005576181823305,-1.7041879489264073,0.16346710226690817,0.2332724178947812,0.08347062980587196,0.3182932622038982
0.0,0.115,-0.175,0.0,0.0,0,0.001501838443800807,0.0967983603477478,0.07138660550117493,0.0,1.5683549642562866,-1.5782771110534668,1,0.020346347242593765,0.19107750058174133,0.041733574122190475,1.3236881386546884e-06,-1.655901905905921e-05,-1.573156476020813,0.02429109881175112,0.11005576181823305,-1.7041879489264073,0.16346710226690817,0.2332724178947812,0.08347062980587196,0.3182932622038982
0.0,0.11750000000000001,-0.175,0.0,0.0,0,0.001481368439272046,0.09918668866157532,0.07137500494718552,0.0,1.5683549642562866,-1.5782829523086548,1,0.020351480692625046,0.19345086812973022,0.04173494502902031,-0.0003651636652648449,0.00025898689636960626,-1.5731587409973145,0.02429109881175112,0.11005576181823305,-1.7041879489264073,0.16346710226690817,0.2332724178947812,0.08347062980587196,0.3182932622038982
0.0,0.12000000000000001,-0.175,0.0,0.0,0,0.0014346531825140119,0.10195676237344742,0.07135865837335587,0.0,1.568306565284729,-1.5782819986343384,1,0.02031725086271763,0.19623607397079468,0.041735075414180756,-4.052844815305434e-07,3.34066862706095e-06,-1.573191523551941,0.02429109881175112,0.11005576181823305,-1.7041879489264073,0.16346710226690817,0.2332724178947812,0.08347062980587196,0.3182932622038982
0.0,0.12250000000000001,-0.175,0.0,0.0,0,0.0014105611480772495,0.10477786511182785,0.07135901600122452,0.0,1.568404197692871,-1.5782908201217651,1,0.020292451605200768,0.199057936668396,0.041735269129276276,-8.272620561911026e-07,7.928384775368613e-07,-1.5731768608093262,0.02429109881175112,0.11005576181823305,-1.7041879489264073,0.16346710226690817,0.2332724178947812,0.08347062980587196,0.3182932622038982
0.0,0.125,-0.175,0.0,0.0,0,0.0017403169767931104,0.10700534284114838,0.07135934382677078,0.0,1.568306565284729,-1.5783462524414062,1,0.020830417051911354,0.2012835443019867,0.041733644902706146,-2.632190808071755e-05,-3.7668585719075054e-05,-1.573213815689087,0.02429109881175112,0.11005576181823305,-1.7041879489264073,0.16346710226690817,0.2332724178947812,0.08347062980587196,0.3182932622038982
0.0,0.1275,-0.175,0.0,0.0,0,0.002275838516652584,0.11019507795572281,0.07142467051744461,0.0,1.5682591199874878,-1.5783241987228394,1,0.021397162228822708,0.20447254180908203,0.04168301820755005,6.446790052905271e-07,0.0004419491742737591,-1.5732628107070923,0.02429109881175112,0.11005576181823305,-1.7041879489264073,0.16346710226690817,0.2332724178947812,0.08347062980587196,0.3182932622038982
0.0,0.13,-0.175,0.0,0.0,0,0.0020531138870865107,0.112885981798172,0.07150194048881531,0.0,1.5682357549667358,-1.5783246755599976,1,0.021189039573073387,0.20716309547424316,0.041734304279088974,-2.2582207748200744e-07,9.580176993040368e-06,-1.573225498199463,0.02429109881175112,0.11005576181823305,-1.7041879489264073,0.16346710226690817,0.2332724178947812,0.08347062980587196,0.3182932622038982
0.0,0.1325,-0.175,0.0,0.0,0,0.0018272676970809698,0.1159910038113594,0.0715026706457138,0.0,1.5682591199874878,-1.5783158540725708,1,0.020963504910469055,0.2102680653333664,0.04173513501882553,2.1671974081982626e-07,1.1806268958025612e-06,-1.5732197761535645,0.02429109881175112,0.11005576181823305,-1.7041879489264073,0.16346710226690817,0.2332724178947812,0.08347062980587196,0.3182932622038982
0.0,0.135,-0.175,0.0,0.0,0,0.0016456778394058347,0.1188710555434227,0.07142920047044754,0.0,1.5682591199874878,-1.578295350074768,1,0.0207587368786335,0.21314570307731628,0.04173527657985687,-8.56784827192314e-05,-5.932742351433262e-05,-1.5732308626174927,0.02429109881175112,0.11005576181823305,-1.7041879489264073,0.16346710226690817,0.2332724178947812,0.08347062980587196,0.3182932622038982
0.0,0.1375,-0.175,0.0,0.0,0,0.0014770703855901957,0.12144502997398376,0.0714222639799118,0.0,1.5682357549667358,-1.5782819986343384,1,0.020586423575878143,0.2157224863767624,0.041735243052244186,-5.8373411775392015e-06,-5.441159373731352e-06,-1.57322096824646,0.02429109881175112,0.11005576181823305,-1.7041879489264073,0.16346710226690817,0.2332724178947812,0.08347062980587196,0.3182932622038982
0.0,0.14,-0.175,0.0,0.0,0,0.0009500749874860048,0.12366052716970444,0.07152456045150757,0.0,1.5682357549667358,-1.5782678127288818,1,0.020108774304389954,0.21793682873249054,0.041729602962732315,-1.420867192791775e-07,4.896380414720625e-05,-1.5732011795043945,0.02429109881175112,0.11005576181823305,-1.7041879489264073,0.16346710226690817,0.2332724178947812,0.08347062980587196,0.3182932622038982
0.0,0.14250000000000002,-0.175,0.0,0.0,0,0.0004087366396561265,0.12582269310951233,0.07152830809354782,0.0,1.5682591199874878,-1.5782405138015747,1,0.01956569217145443,0.22009959816932678,0.04173479601740837,6.898212632222567e-07,5.970890924800187e-06,-1.5731760263442993,0.02429109881175112,0.11005576181823305,-1.7041879489264073,0.16346710226690817,0.2332724178947812,0.08347062980587196,0.3182932622038982
0.0,0.14500000000000002,-0.175,0.0,0.0,0,-8.956868259701878e-05,0.12807504832744598,0.07145452499389648,0.0,1.568212628364563,-1.5782312154769897,1,0.019026437774300575,0.22234098613262177,0.041735343635082245,-0.0002580472209956497,-0.0001802129263523966,-1.5732210874557495,0.02429109881175112,0.11005576181823305,-1.7041879489264073,0.16346710226690817,0.2332724178947812,0.08347062980587196,0.3182932622038982
0.0,0.14750000000000002,-0.175,0.0,0.0,0,-0.0006039850413799286,0.130440816283226,0.07142651081085205,0.0,1.5682591199874878,-1.5781999826431274,1,0.018496308475732803,0.22471830248832703,0.04173501580953598,-1.6416212247349904e-06,-7.356101150435279e-07,-1.5731680393218994,0.02429109881175112,0.11005576181823305,-1.7041879489264073,0.16346710226690817,0.2332724178947812,0.08347062980587196,0.3182932622038982
0.0,0.15000000000000002,-0.175,0.0,0.0,0,-0.001159253646619618,0.1329597532749176,0.0714268684387207,0.0,1.568212628364563,-1.5782008171081543,1,0.017935678362846375,0.2272374927997589,0.04173511266708374,3.017731842192006e-08,1.5570813047816046e-06,-1.573170781135559,0.02429109881175112,0.11005576181823305,-1.7041879489264073,0.16346710226690817,0.2332724178947812,0.08347062980587196,0.3182932622038982
0.0,0.15250000000000002,-0.175,0.0,0.0,0,-0.0017053702613338828,0.1354847103357315,0.07142704725265503,0.0,1.5682357549667358,-1.578174114227295,1,0.017381515353918076,0.22976191341876984,0.04173537716269493,-4.530284513748484e-06,4.046177309646737e-06,-1.5731507539749146,0.02429109881175112,0.11005576181823305,-1.7041879489264073,0.16346710226690817,0.2332724178947812,0.08347062980587196,0.3182932622038982
0.0,0.15500000000000003,-0.175,0.0,0.0,0,-0.002066317480057478,0.13795453310012817,0.07144125550985336,0.0,1.5682357549667358,-1.5781611204147339,1,0.017013775184750557,0.23223038017749786,0.04167015850543976,-3.8131263409013627e-06,-0.0005565357860177755,-1.573174238204956,0.02429109881175112,0.11005576181823305,-1.7041879489264073,0.16346710226690817,0.2332724178947812,0.08347062980587196,0.3182932622038982
0.0,0.15750000000000003,-0.175,0.0,0.0,0,-0.0018753090407699347,0.14072644710540771,0.07148171216249466,0.0,1.568306565284729,-1.5781739950180054,1,0.017184782773256302,0.23500266671180725,0.04173425957560539,7.393982741632499e-07,-9.120873073698021e-06,-1.5732065439224243,0.02429109881175112,0.11005576181823305,-1.7041879489264073,0.16346710226690817,0.2332724178947812,0.08347062980587196,0.3182932622038982
0.0,0.15999999999999998,-0.175,0.0,0.0,0,-0.00170227256603539,0.1436842828989029,0.07149046659469604,0.0,1.568212628364563,-1.578158974647522,1,0.017372043803334236,0.23791447281837463,0.04173508659005165,-0.0011004871921613812,0.0007735379040241241,-1.5732097625732422,0.02429109881175112,0.11005576181823305,-1.7041879489264073,0.16346710226690817,0.2332724178947812,0.08347062980587196,0.3182932622038982
0.0,0.16249999999999998,-0.175,0.0,0.0,0,-0.0015975706046447158,0.14636197686195374,0.07139860093593597,0.0,1.568212628364563,-1.5781373977661133,1,0.017488054931163788,0.24063777923583984,0.04173517972230911,-1.3442861927615013e-05,1.1266496585449204e-05,-1.5732332468032837,0.02429109881175112,0.11005576181823305,-1.7041879489264073,0.16346710226690817,0.2332724178947812,0.08347062980587196,0.3182932622038982
0.0,0.16499999999999998,-0.175,0.0,0.0,0,-0.0014551864005625248,0.14890806376934052,0.07139799743890762,0.0,1.5682591199874878,-1.5781389474868774,1,0.01762847974896431,0.24318411946296692,0.04173528403043747,-2.1601658772851806e-06,1.8585219550004695e-06,-1.5732041597366333,0.02429109881175112,0.11005576181823305,-1.7041879489264073,0.16346710226690817,0.2332724178947812,0.08347062980587196,0.3182932622038982
0.0,0.16749999999999998,-0.175,0.0,0.0,0,-0.001322722528129816,0.15139280259609222,0.07144439220428467,0.0,1.568306565284729,-1.5781159400939941,1,0.0177629254758358,0.24565720558166504,0.04158078506588936,-0.00023058858641888946,1.0767398634925485e-05,-1.5732287168502808,0.02429109881175112,0.11005576181823305,-1.7041879489264073,0.16346710226690817,0.2332724178947812,0.08347062980587196,0.3182932622038982
0.0,0.16999999999999998,-0.175,0.0,0.0,0,-0.0011913718190044165,0.1537625938653946,0.07157808542251587,0.0,1.5682827234268188,-1.5781139135360718,1,0.017896002158522606,0.24803614616394043,0.04173339158296585,-1.1395432011340745e-06,1.4076094885240309e-06,-1.573246955871582,0.02429109881175112,0.11005576181823305,-1.7041879489264073,0.16346710226690817,0.2332724178947812,0.08347062980587196,0.3182932622038982
0.0,0.1725,-0.175,0.0,0.0,0,-0.001057010143995285,0.15621697902679443,0.07157976925373077,0.0,1.5682591199874878,-1.5780994892120361,1,0.018030662089586258,0.25049102306365967,0.04173510521650314,1.1012341474270215e-06,-4.507054427449475e-07,-1.5732548236846924,0.02429109881175112,0.11005576181823305,-1.7041879489264073,0.16346710226690817,0.2332724178947812,0.08347062980587196,0.3182932622038982
0.0,0.175,-0.175,0.0,0.0,0,-0.0009199790074490011,0.1587027907371521,0.07157988846302032,0.0,1.5682591199874878,-1.5780973434448242,1,0.01816677674651146,0.2529772222042084,0.041735149919986725,1.2040507613164664e-07,-6.387112421180063e-07,-1.5732463598251343,0.02429109881175112,0.11005576181823305,-1.7041879489264073,0.16346710226690817,0.2332724178947812,0.08347062980587196,0.3182932622038982
0.0,0.1775,-0.175,0.0,0.0,0,-0.0007854154682718217,0.16120555996894836,0.07157979160547256,0.0,1.568212628364563,-1.5780754089355469,1,0.01830189861357212,0.2554795742034912,0.041735146194696426,3.45928867773182e-08,-7.383220008705393e-07,-1.5732516050338745,0.02429109881175112,0.11005576181823305,-1.7041879489264073,0.16346710226690817,0.2332724178947812,0.08347062980587196,0.3182932622038982
0.0,0.18,-0.175,0.0,0.0,0,-0.0006577108870260417,0.1637134850025177,0.07157930731773376,0.0,1.5682591199874878,-1.578054428100586,1,0.018432531505823135,0.2579858899116516,0.04173513129353523,1.1183176411577733e-06,-6.070902145438595e-07,-1.5732864141464233,0.02429109881175112,0.11005576181823305,-1.7041879489264073,0.16346710226690817,0.2332724178947812,0.08347062980587196,0.3182932622038982
0.0,0.1825,-0.175,0.0,0.0,0,-0.0005254423595033586,0.16621458530426025,0.07157938182353973,0.0,1.568212628364563,-1.5780457258224487,1,0.018561940640211105,0.2604871392250061,0.0417352169752121,1.1826011814264348e-06,-4.890698619419709e-07,-1.5732556581497192,0.02429109881175112,0.11005576181823305,-1.7041879489264073,0.16346710226690817,0.2332724178947812,0.08347062980587196,0.3182932622038982
0.0,0.185,-0.175,0.0,0.0,0,-0.0004076431505382061,0.16870860755443573,0.07157920300960541,0.0,1.568212628364563,-1.5780340433120728,1,0.018682356923818588,0.26298120617866516,0.04173514246940613,7.067137062222173e-07,-5.122073503116553e-07,-1.573289394378662,0.02429109881175112,0.11005576181823305,-1.7041879489264073,0.16346710226690817,0.2332724178947812,0.08347062980587196,0.3182932622038982
0.0,0.1875,-0.175,0.0,0.0,0,-0.00028749872581101954,0.17120034992694855,0.07157927006483078,0.0,1.5682357549667358,-1.578027367591858,1,0.018801193684339523,0.2654731571674347,0.04173513129353523,6.315683549473761e-07,-1.062286628439324e-06,-1.5732755661010742,0.02429109881175112,0.11005576181823305,-1.7041879489264073,0.16346710226690817,0.2332724178947812,0.08347062980587196,0.3182932622038982
0.0,0.19,-0.175,0.0,0.0,0,-0.00017443799879401922,0.17369219660758972,0.0715792179107666,0.0,1.568212628364563,-1.5780104398727417,1,0.018916985020041466,0.26796430349349976,0.04173499345779419,-4.901667693957279e-08,-8.229184800256917e-07,-1.573309063911438,0.02429109881175112,0.11005576181823305,-1.7041879489264073,0.16346710226690817,0.2332724178947812,0.08347062980587196,0.3182932622038982
0.0,0.1925,-0.175,0.0,0.0,0,-5.7309829571750015e-05,0.17618821561336517,0.07157944142818451,0.0,1.5682591199874878,-1.5780106782913208,1,0.019032467156648636,0.2704603970050812,0.04173510894179344,5.333744184099487e-07,-7.734052474006603e-07,-1.5732942819595337,0.02429109881175112,0.11005576181823305,-1.7041879489264073,0.16346710226690817,0.2332724178947812,0.08347062980587196,0.3182932622038982
0.0,0.195,-0.175,0.0,0.0,0,5.357078043743968e-05,0.17868641018867493,0.07157935202121735,0.0,1.5681668519973755,-1.5779955387115479,1,0.019144654273986816,0.27295777201652527,0.041735146194696426,8.284357591037406e-07,-7.31589580027503e-07,-1.5733054876327515,0.02429109881175112,0.11005576181823305,-1.7041879489264073,0.16346710226690817,0.2332724178947812,0.08347062980587196,0.3182932622038982
0.0,0.1975,-0.175,0.0,0.0,0,0.00016369405784644186,0.18118460476398468,0.07157938182353973,0.0,1.5681668519973755,-1.5779857635498047,1,0.019255196675658226,0.27545642852783203,0.04173515364527702,7.126589025574503e-07,-6.115478186075052e-07,-1.573309063911438,0.02429109881175112,0.11005576181823305,-1.7041879489264073,0.16346710226690817,0.2332724178947812,0.08347062980587196,0.3182932622038982
0.0,0.2,-0.175,0.0,0.0,0,0.00027257559122517705,0.18368330597877502,0.07157957553863525,0.0,1.568212628364563,-1.5779914855957031,1,0.01936431974172592,0.2779551148414612,0.04173513501882553,8.798679118626751e-08,-9.478729907641537e-07,-1.5733102560043335,0.02429109881175112,0.11005576181823305,-1.7041879489264073,0.16346710226690817,0.2332724178947812,0.08347062980587196,0.3182932622038982
0.0,0.2025,-0.175,0.0,0.0,0,0.0003810345951933414,0.18617337942123413,0.07157367467880249,0.0,1.5681668519973755,-1.5779730081558228,1,0.019489239901304245,0.28041714429855347,0.041735246777534485,-0.0006587653188034892,0.00046602540533058345,-1.5732961893081665,0.02429109881175112,0.11005576181823305,-1.7041879489264073,0.16346710226690817,0.2332724178947812,0.08347062980587196,0.3182932622038982
0.0,0.20500000000000002,-0.175,0.0,0.0,0,0.0004297863051760942,0.1886005997657776,0.0714934766292572,0.0,1.5681219100952148,-1.5779626369476318,1,0.0195610411465168,0.2828708589076996,0.04173499345779419,-7.0369060267694294e-06,7.205109795904718e-06,-1.573351502418518,0.02429109881175112,0.11005576181823305,-1.7041879489264073,0.16346710226690817,0.2332724178947812,0.08347062980587196,0.3182932622038982
0.0,0.20750000000000002,-0.175,0.0,0.0,0,0.000515572028234601,0.19111816585063934,0.0714937150478363,0.0,1.5681668519973755,-1.5779482126235962,1,0.019648443907499313,0.285388708114624,0.04173512011766434,9.587781732989242e-07,5.176725608180277e-07,-1.5733662843704224,0.02429109881175112,0.11005576181823305,-1.7041879489264073,0.16346710226690817,0.2332724178947812,0.08347062980587196,0.3182932622038982
0.0,0.21000000000000002,-0.175,0.0,0.0,0,0.0006001307046972215,0.19368501007556915,0.07149382680654526,0.0,1.5680997371673584,-1.577947974205017,1,0.019733814522624016,0.28795504570007324,0.04173510521650314,9.233351079274144e-07,-8.071766615103115e-07,-1.5733833312988281,0.02429109881175112,0.11005576181823305,-1.7041879489264073,0.16346710226690817,0.2332724178947812,0.08347062980587196,0.3182932622038982
0.0,0.21250000000000002,-0.175,0.0,0.0,0,0.0006831015343777835,0.19623415172100067,0.07149389386177063,0.0,1.5681219100952148,-1.5779403448104858,1,0.019815567880868912,0.2905047535896301,0.04173515364527702,1.4748232501915481e-07,-3.45033697612962e-07,-1.5733696222305298,0.02429109881175112,0.11005576181823305,-1.7041879489264073,0.16346710226690817,0.2332724178947812,0.08347062980587196,0.3182932622038982
0.0,0.21500000000000002,-0.175,0.0,0.0,0,0.0007611897890456021,0.19874921441078186,0.07149381190538406,0.0,1.5681219100952148,-1.5779284238815308,1,0.019894111901521683,0.29301950335502625,0.04173511266708374,2.660208338056691e-07,-7.678009978917544e-07,-1.5733697414398193,0.02429109881175112,0.11005576181823305,-1.7041879489264073,0.16346710226690817,0.2332724178947812,0.08347062980587196,0.3182932622038982
0.0,0.21750000000000003,-0.175,0.0,0.0,0,0.0008367765112780035,0.20124070346355438,0.07149379700422287,0.0,1.5681668519973755,-1.5779212713241577,1,0.019970474764704704,0.2955108880996704,0.04173511266708374,7.323817499127472e-07,-1.0265355285810074e-06,-1.573379397392273,0.02429109881175112,0.11005576181823305,-1.7041879489264073,0.16346710226690817,0.2332724178947812,0.08347062980587196,0.3182932622038982
0.0,0.22000000000000003,-0.175,0.0,0.0,0,0.0009129325044341385,0.20372556149959564,0.07149349898099899,0.0,1.5680776834487915,-1.5778930187225342,1,0.020046329125761986,0.2979954779148102,0.041735101491212845,4.09062579365127e-08,-9.535483513900544e-07,-1.5733753442764282,0.02429109881175112,0.11005576181823305,-1.7041879489264073,0.16346710226690817,0.2332724178947812,0.08347062980587196,0.3182932622038982
0.0,0.22250000000000003,-0.175,0.0,0.0,0,0.0009826656896620989,0.20621874928474426,0.07149316370487213,0.0,1.5681219100952148,-1.5778857469558716,1,0.02011852338910103,0.3004879355430603,0.04173506051301956,-2.6713991019278183e-07,-1.6672508991177892e-06,-1.573402762413025,0.02429109881175112,0.11005576181823305,-1.7041879489264073,0.16346710226690817,0.2332724178947812,0.08347062980587196,0.3182932622038982
0.0,0.22500000000000003,-0.175,0.0,0.0,0,0.0010552630992606282,0.20871709287166595,0.0714930072426796,0.0,1.5681219100952148,-1.5778616666793823,1,0.020190928131341934,0.3029859662055969,0.04173513501882553,7.828748493921012e-07,-5.71567341012269e-07,-1.5734015703201294,0.02429109881175112,0.11005576181823305,-1.7041879489264073,0.16346710226690817,0.2332724178947812,0.08347062980587196,0.3182932622038982
0.0,0.22750000000000004,-0.175,0.0,0.0,0,0.0011285722721368074,0.2112179398536682,0.07149301469326019,0.0,1.5680776834487915,-1.5778461694717407,1,0.02026287280023098,0.3054865002632141,0.04173504561185837,4.6608363390987506e-07,-1.96274891095527e-06,-1.573381781578064,0.02429109881175112,0.11005576181823305,-1.7041879489264073,0.16346710226690817,0.2332724178947812,0.08347062980587196,0.3182932622038982
0.0,0.23000000000000004,-0.175,0.0,0.0,0,0.0011979081900790334,0.21372590959072113,0.07150067389011383,0.0,1.5680997371673584,-1.5778306722640991,1,0.020359938964247704,0.30794936418533325,0.041735079139471054,-0.0010783056495711207,0.0007599645177833736,-1.573423147201538,0.02429109881175112,0.11005576181823305,-1.7041879489264073,0.16346710226690817,0.2332724178947812,0.08347062980587196,0.3182932622038982
0.0,0.23250000000000004,-0.175,0.0,0.0,0,0.0012081981403753161,0.21615618467330933,0.07141390442848206,0.0,1.5680341720581055,-1.5778223276138306,1,0.02039206027984619,0.3104228675365448,0.041734836995601654,-1.0709857633628417e-05,3.916104105883278e-06,-1.5734519958496094,0.02429109881175112,0.11005576181823305,-1.7041879489264073,0.16346710226690817,0.2332724178947812,0.08347062980587196,0.3182932622038982
0.0,0.23500000000000004,-0.175,0.0,0.0,0,0.0012710785958915949,0.21866539120674133,0.07141337543725967,0.0,1.5680776834487915,-1.5778034925460815,1,0.020453160628676414,0.3129335045814514,0.04173510894179344,7.640100534445082e-07,-7.550738132522383e-07,-1.5734349489212036,0.02429109881175112,0.11005576181823305,-1.7041879489264073,0.16346710226690817,0.2332724178947812,0.08347062980587196,0.3182932622038982
0.0,0.23750000000000004,-0.175,0.0,0.0,0,0.0013302433071658015,0.22122372686862946,0.0714133083820343,0.0,1.5680997371673584,-1.5777820348739624,1,0.02051268145442009,0.31549155712127686,0.04173501208424568,-8.454424005321926e-07,-1.5043929124658462e-06,-1.5734385251998901,0.02429109881175112,0.11005576181823305,-1.7041879489264073,0.16346710226690817,0.2332724178947812,0.08347062980587196,0.3182932622038982
0.0,0.24,-0.175,0.0,0.0,0,0.0013899055775254965,0.22377538681030273,0.07141350954771042,0.0,1.5681219100952148,-1.57778799533844,1,0.020571976900100708,0.31804317235946655,0.04173509031534195,5.862664238520665e-07,-1.109481218009023e-06,-1.5734349489212036,0.02429109881175112,0.11005576181823305,-1.7041879489264073,0.16346710226690817,0.2332724178947812,0.08347062980587196,0.3182932622038982
0.0,0.2425,-0.175,0.0,0.0,0,0.001443876069970429,0.22629500925540924,0.07141350209712982,0.0,1.5680341720581055,-1.5777865648269653,1,0.020627891644835472,0.320562481880188,0.041735097765922546,8.260581125796307e-07,-4.822103392143617e-07,-1.5734575986862183,0.02429109881175112,0.11005576181823305,-1.7041879489264073,0.16346710226690817,0.2332724178947812,0.08347062980587196,0.3182932622038982
0.0,0.245,-0.175,0.0,0.0,0,0.001498187193647027,0.22878804802894592,0.07141341269016266,0.0,1.5680341720581055,-1.5777620077133179,1,0.020682085305452347,0.3230549693107605,0.04173510521650314,1.3968120811114204e-06,-4.6709948264833656e-07,-1.5734620094299316,0.02429109881175112,0.11005576181823305,-1.7041879489264073,0.16346710226690817,0.2332724178947812,0.08347062980587196,0.3182932622038982
0.0,0.2475,-0.175,0.0,0.0,0,0.0015527914511039853,0.2312767058610916,0.07141406834125519,0.0,1.5680341720581055,-1.5777746438980103,1,0.020735589787364006,0.3255442976951599,0.04173506051301956,-4.145746288486407e-07,-1.6531298570043873e-06,-1.573447585105896,0.02429109881175112,0.11005576181823305,-1.7041879489264073,0.16346710226690817,0.2332724178947812,0.08347062980587196,0.3182932622038982
0.0,0.25,-0.175,0.0,0.0,0,0.0016029485268518329,0.2337643951177597,0.07141365855932236,0.0,1.5680776834487915,-1.5777474641799927,1,0.020786574110388756,0.32803040742874146,0.041735075414180756,9.912073437590152e-07,-1.490751856181305e-06,-1.5734564065933228,0.02429109881175112,0.11005576181823305,-1.7041879489264073,0.16346710226690817,0.2332724178947812,0.08347062980587196,0.3182932622038982
0.0,0.2525,-0.175,0.0,0.0,0,0.0016501110512763262,0.23626470565795898,0.07141368091106415,0.0,1.5680341720581055,-1.5777448415756226,1,0.02083475887775421,0.33053043484687805,0.04173508659005165,4.542595775092195e-07,-1.2146354038122809e-06,-1.5734705924987793,0.02429109881175112,0.11005576181823305,-1.7041879489264073,0.16346710226690817,0.2332724178947812,0.08347062980587196,0.3182932622038982
0.0,0.255,-0.175,0.0,0.0,0,0.0016938954358920455,0.238767609000206,0.07141349464654922,0.0,1.5680127143859863,-1.5777307748794556,1,0.020879346877336502,0.3330327868461609,0.04173508659005165,3.8594635043409653e-07,-1.09148015781102e-06,-1.5734810829162598,0.02429109881175112,0.11005576181823305,-1.7041879489264073,0.16346710226690817,0.2332724178947812,0.08347062980587196,0.3182932622038982
0.0,0.2575,-0.175,0.0,0.0,0,0.0017357597826048732,0.24127346277236938,0.07141321897506714,0.0,1.5679913759231567,-1.5777075290679932,1,0.020920973271131516,0.33553946018218994,0.04173508286476135,3.597662043830496e-07,-8.324384452862432e-07,-1.5734750032424927,0.02429109881175112,0.11005576181823305,-1.7041879489264073,0.16346710226690817,0.2332724178947812,0.08347062980587196,0.3182932622038982
0.0,0.26,-0.175,0.0,0.0,0,0.0017739309696480632,0.243780717253685,0.07141319662332535,0.0,1.5680341720581055,-1.5777026414871216,1,0.020960526540875435,0.3380465805530548,0.04173509031534195,9.32318414470501e-07,-7.935939265735215e-07,-1.5734901428222656,0.02429109881175112,0.11005576181823305,-1.7041879489264073,0.16346710226690817,0.2332724178947812,0.08347062980587196,0.3182932622038982
0.0,0.2625,-0.175,0.0,0.0,0,0.0018127202056348324,0.24628223478794098,0.071413055062294,0.0,1.5680558681488037,-1.5776845216751099,1,0.021000303328037262,0.3405475616455078,0.04173506051301956,5.937560558777477e-07,-1.8562695913715288e-06,-1.5735019445419312,0.02429109881175112,0.11005576181823305,-1.7041879489264073,0.16346710226690817,0.2332724178947812,0.08347062980587196,0.3182932622038982
0.0,0.265,-0.175,0.0,0.0,0,0.001853161957114935,0.24877962470054626,0.07141268253326416,0.0,1.5680558681488037,-1.5776523351669312,1,0.021040644496679306,0.3430447578430176,0.04173507168889046,-2.3715699626336573e-08,-8.074902666521666e-07,-1.5734975337982178,0.02429109881175112,0.11005576181823305,-1.7041879489264073,0.16346710226690817,0.2332724178947812,0.08347062980587196,0.3182932622038982
0.0,0.2675,-0.175,0.0,0.0,0,0.0018920382717624307,0.25128084421157837,0.07141254842281342,0.0,1.5679491758346558,-1.5776336193084717,1,0.02108031138777733,0.3455455005168915,0.04173506051301956,1.115792770178814e-06,-8.482086286676349e-07,-1.5735071897506714,0.02429109881175112,0.11005576181823305,-1.7041879489264073,0.16346710226690817,0.2332724178947812,0.08347062980587196,0.3182932622038982
0.0,0.27,-0.175,0.0,0.0,0,0.001932146493345499,0.25378280878067017,0.0714126005768776,0.0,1.5679913759231567,-1.5776350498199463,1,0.021119676530361176,0.3480467200279236,0.04173499718308449,-2.9690454539377242e-09,-2.08181154448539e-06,-1.5734974145889282,0.02429109881175112,0.11005576181823305,-1.7041879489264073,0.16346710226690817,0.2332724178947812,0.08347062980587196,0.3182932622038982
0.0,0.2725,-0.175,0.0,0.0,0,0.0019603248219937086,0.2562828063964844,0.07141239196062088,0.0,1.5680127143859863,-1.5776357650756836,1,0.02115192823112011,0.35054630041122437,0.04173512011766434,7.495083309549955e-07,-3.277710902693798e-08,-1.5735458135604858,0.02429109881175112,0.11005576181823305,-1.7041879489264073,0.16346710226690817,0.2332724178947812,0.08347062980587196,0.3182932622038982
0.0,0.275,-0.175,0.0,0.0,0,0.0019918386824429035,0.2587829828262329,0.0714125856757164,0.0,1.5680127143859863,-1.5776077508926392,1,0.021182294934988022,0.3530465364456177,0.04173504561185837,7.931092795843142e-07,-8.514217597621609e-07,-1.5735379457473755,0.02429109881175112,0.11005576181823305,-1.7041879489264073,0.16346710226690817,0.2332724178947812,0.08347062980587196,0.3182932622038982
0.0,0.2775,-0.175,0.0,0.0,0,0.0020193762611597776,0.2612873315811157,0.07141245901584625,0.0,1.5679283142089844,-1.5775901079177856,1,0.0212104432284832,0.35555073618888855,0.04173501580953598,1.3519343156076502e-07,-1.1813278888439527e-06,-1.5735458135604858,0.02429109881175112,0.11005576181823305,-1.7041879489264073,0.16346710226690817,0.2332724178947812,0.08347062980587196,0.3182932622038982
0.0,0.28,-0.175,0.0,0.0,0,0.002044727560132742,0.2637934386730194,0.0714123398065567,0.0,1.5679075717926025,-1.5775872468948364,1,0.021236782893538475,0.35805636644363403,0.04173513129353523,1.1105171324743424e-06,-4.862007472183905e-07,-1.5735567808151245,0.02429109881175112,0.11005576181823305,-1.7041879489264073,0.16346710226690817,0.2332724178947812,0.08347062980587196,0.3182932622038982
0.0,0.28250000000000003,-0.175,0.0,0.0,0,0.002073429524898529,0.26629409193992615,0.07141193002462387,0.0,1.5679491758346558,-1.577561378479004,1,0.021263541653752327,0.3605564832687378,0.04173506796360016,1.5792636531841708e-06,-8.326915121870115e-07,-1.573533535003662,0.02429109881175112,0.11005576181823305,-1.7041879489264073,0.16346710226690817,0.2332724178947812,0.08347062980587196,0.3182932622038982
0.0,0.28500000000000003,-0.175,0.0,0.0,0,0.002088219625875354,0.26879528164863586,0.07141175121068954,0.0,1.5679075717926025,-1.5775495767593384,1,0.0212821364402771,0.3630572557449341,0.04173503443598747,2.5557842491252813e-06,-4.4888383854413405e-07,-1.5735785961151123,0.02429109881175112,0.11005576181823305,-1.7041879489264073,0.16346710226690817,0.2332724178947812,0.08347062980587196,0.3182932622038982
0.0,0.28750000000000003,-0.175,0.0,0.0,0,0.0021018709521740675,0.2712983191013336,0.07141195982694626,0.0,1.5679913759231567,-1.5775357484817505,1,0.02129519358277321,0.3655604124069214,0.04173509031534195,1.5573803011648124e-06,-4.3680825001501944e-07,-1.5735797882080078,0.02429109881175112,0.11005576181823305,-1.7041879489264073,0.16346710226690817,0.2332724178947812,0.08347062980587196,0.3182932622038982
0.0,0.29000000000000004,-0.175,0.0,0.0,0,0.0021168747916817665,0.2738049328327179,0.07141171395778656,0.0,1.5679913759231567,-1.5775188207626343,1,0.021308468654751778,0.3680664896965027,0.041735079139471054,1.1639741614999366e-06,-7.570887419205974e-07,-1.5735571384429932,0.02429109881175112,0.11005576181823305,-1.7041879489264073,0.16346710226690817,0.2332724178947812,0.08347062980587196,0.3182932622038982
0.0,0.29250000000000004,-0.175,0.0,0.0,0,0.002089056884869933,0.27631479501724243,0.07137425988912582,0.0,1.5679701566696167,-1.577492356300354,1,0.021323848515748978,0.3705672025680542,0.04173506051301956,-0.00020271171524655074,0.00014493630442302674,-1.5735704898834229,0.02429109881175112,0.11005576181823305,-1.7041879489264073,0.16346710226690817,0.2332724178947812,0.08347062980587196,0.3182932622038982
0.0,0.29500000000000004,-0.175,0.0,0.0,0,0.002078960184007883,0.27879825234413147,0.07136287540197372,0.0,1.5679075717926025,-1.5774892568588257,1,0.021323006600141525,0.3730592727661133,0.04173507168889046,-4.978753622708609e-06,5.050781510362867e-06,-1.5736150741577148,0.02429109881175112,0.11005576181823305,-1.7041879489264073,0.16346710226690817,0.2332724178947812,0.08347062980587196,0.3182932622038982
0.0,0.29750000000000004,-0.175,0.0,0.0,0,0.002084423555061221,0.28131231665611267,0.0713622197508812,0.0,1.5679075717926025,-1.577462077140808,1,0.021328482776880264,0.3755730986595154,0.0417352020740509,-1.5001171504991362e-06,1.0990984264935832e-06,-1.5736098289489746,0.02429109881175112,0.11005576181823305,-1.7041879489264073,0.16346710226690817,0.2332724178947812,0.08347062980587196,0.3182932622038982
0.0,0.30000000000000004,-0.175,0.0,0.0,0,0.002086274791508913,0.28383803367614746,0.07136167585849762,0.0,1.5679491758346558,-1.5774255990982056,1,0.021331382915377617,0.3780979812145233,0.04173512011766434,1.1872124332512612e-06,-1.9064430034632096e-07,-1.5736206769943237,0.02429109881175112,0.11005576181823305,-1.7041879489264073,0.16346710226690817,0.2332724178947812,0.08347062980587196,0.3182932622038982
0.0,0.3025,-0.175,0.0,0.0,0,0.002091998001560569,0.28635677695274353,0.07136179506778717,0.0,1.5678666830062866,-1.577417016029358,1,0.0213365089148283,0.3806169629096985,0.041735053062438965,6.442117523874913e-07,-9.498544386588037e-07,-1.573614239692688,0.02429109881175112,0.11005576181823305,-1.7041879489264073,0.16346710226690817,0.2332724178947812,0.08347062980587196,0.3182932622038982
0.0,0.305,-0.175,0.0,0.0,0,0.002095868345350027,0.28785282373428345,0.07136085629463196,0.0,1.5679075717926025,-1.577355980873108,1,0.021339621394872665,0.3821117877960205,0.041735030710697174,1.0487374311196618e-06,-7.692027566008619e-07,-1.5735995769500732,0.02429109881175112,0.11005576181823305,-1.7041879489264073,0.16346710226690817,0.2332724178947812,0.08347062980587196,0.3182932622038982
0.0,0.3075,-0.175,0.0,0.0,0,0.0020894662011414766,0.29060816764831543,0.07136167585849762,0.0,1.5678666830062866,-1.5774017572402954,1,0.021336684003472328,0.3848673105239868,0.041734978556632996,3.3626466233727115e-07,-7.554593821623712e-07,-1.5736442804336548,0.02429109881175112,0.11005576181823305,-1.7041879489264073,0.16346710226690817,0.2332724178947812,0.08347062980587196,0.3182932622038982
0.0,0.31,-0.175,0.0,0.0,0,0.002089753746986389,0.29368019104003906,0.07136133313179016,0.0,1.5679075717926025,-1.577370285987854,1,0.021335698664188385,0.38793954253196716,0.041735097765922546,9.362693162984215e-07,-4.1920770854630973e-07,-1.5736329555511475,0.02429109881175112,0.11005576181823305,-1.7041879489264073,0.16346710226690817,0.2332724178947812,0.08347062980587196,0.3182932622038982
0.0,0.3125,-0.175,0.0,0.0,0,0.0020893854089081287,0.2955210208892822,0.07136045396327972,0.0,1.5679075717926025,-1.5772987604141235,1,0.021334927529096603,0.38977953791618347,0.04173511639237404,7.527493721681822e-07,-5.870890618098201e-07,-1.5736280679702759,0.02429109881175112,0.11005576181823305,-1.7041879489264073,0.16346710226690817,0.2332724178947812,0.08347062980587196,0.3182932622038982
0.0,0.315,-0.175,0.0,0.0,0,0.0020876096095889807,0.29834121465682983,0.07136113941669464,0.0,1.5678870677947998,-1.5773471593856812,1,0.02133357897400856,0.3925991654396057,0.041735079139471054,1.5006213516244316e-06,-9.599691566108959e-07,-1.573634147644043,0.02429109881175112,0.11005576181823305,-1.7041879489264073,0.16346710226690817,0.2332724178947812,0.08347062980587196,0.3182932622038982
0.0,0.3175,-0.175,0.0,0.0,0,0.0020267104264348745,0.3014656901359558,0.07131481915712357,0.0,1.567826271057129,-1.577283263206482,1,0.021322008222341537,0.3957222104072571,0.04173494875431061,-1.4852103049634025e-05,1.2224792044435162e-05,-1.5736826658248901,0.02429109881175112,0.11005576181823305,-1.7041879489264073,0.16346710226690817,0.2332724178947812,0.08347062980587196,0.3182932622038982
0.0,0.32,-0.175,0.0,0.0,0,0.0020180188585072756,0.30226391553878784,0.07131413370370865,0.0,1.5678870677947998,-1.577245831489563,1,0.02131420373916626,0.3965204656124115,0.041734930127859116,1.1611683703449671e-06,1.714406835162663e-06,-1.5736924409866333,0.02429109881175112,0.11005576181823305,-1.7041879489264073,0.16346710226690817,0.2332724178947812,0.08347062980587196,0.3182932622038982
0.0,0.3225,-0.175,0.0,0.0,0,0.001998734427616,0.3046134114265442,0.07131452113389969,0.0,1.5678870677947998,-1.5772587060928345,1,0.02129136212170124,0.39887112379074097,0.04173503443598747,5.806774652228341e-07,2.780751060527109e-07,-1.5736491680145264,0.02429109881175112,0.11005576181823305,-1.7041879489264073,0.16346710226690817,0.2332724178947812,0.08347062980587196,0.3182932622038982
